ID,Ngày nhập gần nhất,Nhà Nhập Khẩu,Đơn giá nhập gần nhất,Tổng nhập gần nhất,Nhà Nhập khẩu MIN,Ngày nhập khẩu MIN,Đơn giá MIN,Tổng nhập khẩu MIN
5001474,2020-01-13 00:00:00,NK-BANGCHAK,61354,360,NK-BANGCHAK,2020-01-13 00:00:00,61354,360
5001475,2020-01-13 00:00:00,NK-BANGCHAK,217675,8,NK-BANGCHAK,2020-01-13 00:00:00,217675,8
5001476,2020-01-13 00:00:00,NK-BANGCHAK,31929,8,NK-BANGCHAK,2020-01-13 00:00:00,31929,8
5001478,2020-01-13 00:00:00,NK-BANGCHAK,46236,1600,NK-BANGCHAK,2020-01-13 00:00:00,46236,1600
5001483,2020-01-13 00:00:00,NK-BANGCHAK,281910,160,NK-BANGCHAK,2020-01-13 00:00:00,281910,160
5001484,2020-01-13 00:00:00,NK-BANGCHAK,53518,640,NK-BANGCHAK,2020-01-13 00:00:00,53518,640
5001515,2020-01-13 00:00:00,NK-BANGCHAK,556828,4,NK-BANGCHAK,2020-01-13 00:00:00,556828,4
5001603,2020-01-13 00:00:00,NK-BANGCHAK,114005,12,NK-BANGCHAK,2020-01-13 00:00:00,114005,12
5001673,2020-01-13 00:00:00,NK-BANGCHAK,931883,5,NK-BANGCHAK,2020-01-13 00:00:00,931883,5
5001689,2020-01-13 00:00:00,NK-BANGCHAK,330464,8,NK-BANGCHAK,2020-01-13 00:00:00,330464,8
5001690,2020-01-13 00:00:00,NK-BANGCHAK,47561,8,NK-BANGCHAK,2020-01-13 00:00:00,47561,8
5001701,2020-01-13 00:00:00,NK-BANGCHAK,293504,8,NK-BANGCHAK,2020-01-13 00:00:00,293504,8
5001702,2020-01-13 00:00:00,NK-BANGCHAK,41982,8,NK-BANGCHAK,2020-01-13 00:00:00,41982,8
5001758,2020-01-13 00:00:00,NK-BANGCHAK,61354,2100,NK-BANGCHAK,2020-01-13 00:00:00,61354,2100
5001889,2020-01-13 00:00:00,NK-BANGCHAK,184945,1600,NK-BANGCHAK,2020-01-13 00:00:00,184945,1600
5001908,2020-01-13 00:00:00,NK-BANGCHAK,231971,200,NK-BANGCHAK,2020-01-13 00:00:00,231971,200
5001909,2020-01-13 00:00:00,NK-BANGCHAK,209655,2000,NK-BANGCHAK,2020-01-13 00:00:00,209655,2000
SBI-1521,2020-01-15 00:00:00,NK-555,131076,200,NK-555,2020-01-15 00:00:00,131076,200
SBI-1542,2020-01-15 00:00:00,NK-555,212971,90,NK-555,2020-01-15 00:00:00,212971,90
SBI-3602,2020-01-15 00:00:00,NK-555,101256,300,NK-555,2020-01-15 00:00:00,101256,300
SBI-3642,2020-01-15 00:00:00,NK-555,168240,120,NK-555,2020-01-15 00:00:00,168240,120
SBI-5143,2020-01-15 00:00:00,NK-555,187601,90,NK-555,2020-01-15 00:00:00,187601,90
SBI-5282,2020-01-15 00:00:00,NK-555,257701,90,NK-555,2020-01-15 00:00:00,257701,90
SBI-5302,2020-01-15 00:00:00,NK-555,245684,30,NK-555,2020-01-15 00:00:00,245684,30
SBI-5361,2020-01-15 00:00:00,NK-555,154888,30,NK-555,2020-01-15 00:00:00,154888,30
SBI-7721,2020-01-15 00:00:00,NK-555,157781,50,NK-555,2020-01-15 00:00:00,157781,50
SBI-7722L,2020-01-15 00:00:00,NK-555,244349,60,NK-555,2020-01-15 00:00:00,244349,60
SBI-7722R,2020-01-15 00:00:00,NK-555,244349,60,NK-555,2020-01-15 00:00:00,244349,60
SBI-7841,2020-01-15 00:00:00,NK-555,159339,100,NK-555,2020-01-15 00:00:00,159339,100
SBI-7842,2020-01-15 00:00:00,NK-555,250135,112,NK-555,2020-01-15 00:00:00,250135,112
SBI-7941,2020-01-15 00:00:00,NK-555,159339,50,NK-555,2020-01-15 00:00:00,159339,50
SEI-1521,2020-01-15 00:00:00,NK-555,125067,80,NK-555,2020-01-15 00:00:00,125067,80
SEI-3601L,2020-01-15 00:00:00,NK-555,128183,50,NK-555,2020-01-15 00:00:00,128183,50
SEI-3601R,2020-01-15 00:00:00,NK-555,128183,50,NK-555,2020-01-15 00:00:00,128183,50
SEI-3641R,2020-01-15 00:00:00,NK-555,119059,50,NK-555,2020-01-15 00:00:00,119059,50
SEI-5281L,2020-01-15 00:00:00,NK-555,139978,80,NK-555,2020-01-15 00:00:00,139978,80
SEI-5281R,2020-01-15 00:00:00,NK-555,139978,80,NK-555,2020-01-15 00:00:00,139978,80
SEI-5361,2020-01-15 00:00:00,NK-555,113273,80,NK-555,2020-01-15 00:00:00,113273,80
SEI-7721,2020-01-15 00:00:00,NK-555,107264,80,NK-555,2020-01-15 00:00:00,107264,80
SEI-7722,2020-01-15 00:00:00,NK-555,156446,50,NK-555,2020-01-15 00:00:00,156446,50
SEI-N251L,2020-01-15 00:00:00,NK-555,195168,20,NK-555,2020-01-15 00:00:00,195168,20
SEI-N251R,2020-01-15 00:00:00,NK-555,195168,20,NK-555,2020-01-15 00:00:00,195168,20
SRI-3640,2020-01-15 00:00:00,NK-555,129518,120,NK-555,2020-01-15 00:00:00,129518,120
SRI-7940,2020-01-15 00:00:00,NK-555,186266,30,NK-555,2020-01-15 00:00:00,186266,30
SRI-7950,2020-01-15 00:00:00,NK-555,175807,50,NK-555,2020-01-15 00:00:00,175807,50
SRI-N250,2020-01-15 00:00:00,NK-555,141535,40,NK-555,2020-01-15 00:00:00,141535,40
SB-1631,2020-03-05 00:00:00,NK-555,189565,20,NK-555,2020-03-05 00:00:00,189565,20
SB-3642,2020-03-05 00:00:00,NK-555,224383,150,NK-555,2020-03-05 00:00:00,224383,150
SB-5143,2020-03-05 00:00:00,NK-555,225748,40,NK-555,2020-03-05 00:00:00,225748,40
SB-7842,2020-03-05 00:00:00,NK-555,291061,40,NK-555,2020-03-05 00:00:00,291061,40
SB-T402,2020-03-05 00:00:00,NK-555,228934,20,NK-555,2020-03-05 00:00:00,228934,20
SE-5281L,2020-03-05 00:00:00,NK-555,160555,50,NK-555,2020-03-05 00:00:00,160555,50
SE-5281R,2020-03-05 00:00:00,NK-555,160555,50,NK-555,2020-03-05 00:00:00,160555,50
SL-2805,2020-03-05 00:00:00,NK-555,178869,20,NK-555,2020-03-05 00:00:00,178869,20
SL-6385L,2020-03-05 00:00:00,NK-555,147010,80,NK-555,2020-03-05 00:00:00,147010,80
SL-6385R,2020-03-05 00:00:00,NK-555,147010,80,NK-555,2020-03-05 00:00:00,147010,80
SL-H025L,2020-03-05 00:00:00,NK-555,160436,10,NK-555,2020-03-05 00:00:00,160436,10
SL-H025R,2020-03-05 00:00:00,NK-555,160436,10,NK-555,2020-03-05 00:00:00,160436,10
SR-4870,2020-03-05 00:00:00,NK-555,157731,30,NK-555,2020-03-05 00:00:00,157731,30
SR-B070,2020-03-05 00:00:00,NK-555,150344,20,NK-555,2020-03-05 00:00:00,150344,20
SR-H030,2020-03-05 00:00:00,NK-555,179457,50,NK-555,2020-03-05 00:00:00,179457,50
52119-06986,2020-04-17 00:00:00,NK-FPI,1634500,2,NK-FPI,2020-04-17 00:00:00,1634500,2
04478-0K130,2020-05-20 00:00:00,NK-GPI,574042,5,NK-GPI,2020-05-20 00:00:00,574042,5
16571-0M080,2020-05-20 00:00:00,NK-GPI,85414,5,NK-GPI,2020-05-20 00:00:00,85414,5
90366-T0031,2020-05-20 00:00:00,NK-GPI,343870,5,NK-GPI,2020-05-20 00:00:00,343870,5
90919-01287,2020-05-20 00:00:00,NK-GPI,176400,28,NK-GPI,2020-05-20 00:00:00,176400,28
12305-0D130,2020-06-27 00:00:00,NK-FPI,1394602,10,NK-FPI,2020-04-17 00:00:00,1390960,17
12363-0M011,2020-06-27 00:00:00,NK-FPI,381119,10,NK-GPI,2020-05-20 00:00:00,349419,14
16573-0M080,2020-06-27 00:00:00,NK-FPI,67855,5,NK-FPI,2020-06-27 00:00:00,67855,5
23300-0D030,2020-06-27 00:00:00,NK-FPI,484057,20,NK-FPI,2020-04-17 00:00:00,482411,33
28011-0T070,2020-06-27 00:00:00,NK-FPI,353977,25,NK-FPI,2020-06-27 00:00:00,353977,25
43330-09180,2020-06-27 00:00:00,NK-FPI,520308,10,NK-FPI,2020-06-27 00:00:00,520308,10
43340-09020,2020-06-27 00:00:00,NK-FPI,520331,10,NK-FPI,2020-06-27 00:00:00,520331,10
43512-0K010,2020-06-27 00:00:00,NK-FPI,1025688,3,NK-FPI,2020-06-27 00:00:00,1025688,3
43512-0K060,2020-06-27 00:00:00,NK-FPI,1076902,3,NK-FPI,2020-06-27 00:00:00,1076902,3
43512-0K140,2020-06-27 00:00:00,NK-FPI,1192018,2,NK-FPI,2020-06-27 00:00:00,1192018,2
AB31-12-15BC,2020-06-27 00:00:00,NK-FPI,830770,20,NK-FPI,2020-06-27 00:00:00,830770,20
AB39-6C-301CB,2020-06-27 00:00:00,NK-FPI,288232,20,NK-FPI,2020-06-27 00:00:00,288232,20
1515,2020-07-17 00:00:00,NK-LIQUIMOLY,60246,348,NK-LIQUIMOLY,2020-07-17 00:00:00,60246,348
1590,2020-07-17 00:00:00,NK-LIQUIMOLY,62947,324,NK-LIQUIMOLY,2020-07-17 00:00:00,62947,324
1609,2020-07-17 00:00:00,NK-LIQUIMOLY,90504,432,NK-LIQUIMOLY,2020-07-17 00:00:00,90504,432
20000,2020-07-17 00:00:00,NK-LIQUIMOLY,73213,348,NK-LIQUIMOLY,2020-07-17 00:00:00,73213,348
21225,2020-07-17 00:00:00,NK-LIQUIMOLY,400332,1452,NK-LIQUIMOLY,2020-07-17 00:00:00,400332,1452
2506,2020-07-17 00:00:00,NK-LIQUIMOLY,49169,444,NK-LIQUIMOLY,2020-07-17 00:00:00,49169,444
2512,2020-07-17 00:00:00,NK-LIQUIMOLY,63217,432,NK-LIQUIMOLY,2020-07-17 00:00:00,63217,432
3021,2020-07-17 00:00:00,NK-LIQUIMOLY,167165,400,NK-LIQUIMOLY,2020-07-17 00:00:00,167165,400
3110,2020-07-17 00:00:00,NK-LIQUIMOLY,51601,336,NK-LIQUIMOLY,2020-07-17 00:00:00,51601,336
3510,2020-07-17 00:00:00,NK-LIQUIMOLY,31503,300,NK-LIQUIMOLY,2020-07-17 00:00:00,31503,300
3721,2020-07-17 00:00:00,NK-LIQUIMOLY,201823,336,NK-LIQUIMOLY,2020-07-17 00:00:00,201823,336
4066,2020-07-17 00:00:00,NK-LIQUIMOLY,64298,336,NK-LIQUIMOLY,2020-07-17 00:00:00,64298,336
50290,2020-07-17 00:00:00,NK-LIQUIMOLY,1,200,NK-LIQUIMOLY,2020-07-17 00:00:00,1,200
5153,2020-07-17 00:00:00,NK-LIQUIMOLY,84020,432,NK-LIQUIMOLY,2020-07-17 00:00:00,84020,432
5156,2020-07-17 00:00:00,NK-LIQUIMOLY,131298,432,NK-LIQUIMOLY,2020-07-17 00:00:00,131298,432
5370,2020-07-17 00:00:00,NK-LIQUIMOLY,1,200,NK-LIQUIMOLY,2020-07-17 00:00:00,1,200
5377,2020-07-17 00:00:00,NK-LIQUIMOLY,1,500,NK-LIQUIMOLY,2020-07-17 00:00:00,1,500
5603,2020-07-17 00:00:00,NK-LIQUIMOLY,1,60,NK-LIQUIMOLY,2020-07-17 00:00:00,1,60
5842,2020-07-17 00:00:00,NK-LIQUIMOLY,1,100,NK-LIQUIMOLY,2020-07-17 00:00:00,1,100
6114,2020-07-17 00:00:00,NK-LIQUIMOLY,128284,312,NK-LIQUIMOLY,2020-07-17 00:00:00,128284,312
9047,2020-07-17 00:00:00,NK-LIQUIMOLY,103321,408,NK-LIQUIMOLY,2020-07-17 00:00:00,103321,408
1092A264,2021-03-08 00:00:00,NK-TRISTAN,240448,3,NK-TRISTAN,2021-03-08 00:00:00,240448,3
1500A687,2021-03-08 00:00:00,NK-TRISTAN,186578,20,NK-TRISTAN,2021-03-08 00:00:00,186578,20
1760A715,2021-03-08 00:00:00,NK-TRISTAN,1641520,5,NK-TRISTAN,2021-03-08 00:00:00,1641520,5
1770A413,2021-03-08 00:00:00,NK-TRISTAN,1163861,15,NK-TRISTAN,2021-03-08 00:00:00,1163861,15
3785A070,2021-03-08 00:00:00,NK-TRISTAN,878560,20,NK-TRISTAN,2021-03-08 00:00:00,878560,20
4040A441,2021-03-08 00:00:00,NK-TRISTAN,145656,10,NK-TRISTAN,2021-03-08 00:00:00,145656,10
4162A462,2021-03-08 00:00:00,NK-TRISTAN,110282,10,NK-TRISTAN,2021-03-08 00:00:00,110282,10
4401A394,2021-03-08 00:00:00,NK-TRISTAN,4392800,2,NK-TRISTAN,2021-03-08 00:00:00,4392800,2
4600A467,2021-03-08 00:00:00,NK-TRISTAN,345413,10,NK-TRISTAN,2021-03-08 00:00:00,345413,10
4605B952,2021-03-08 00:00:00,NK-TRISTAN,139645,10,NK-TRISTAN,2021-03-08 00:00:00,139645,10
4610A042,2021-03-08 00:00:00,NK-TRISTAN,94792,10,NK-TRISTAN,2021-03-08 00:00:00,94792,10
4670B267,2021-03-08 00:00:00,NK-TRISTAN,832320,5,NK-TRISTAN,2021-03-08 00:00:00,832320,5
4670B268,2021-03-08 00:00:00,NK-TRISTAN,863994,5,NK-TRISTAN,2021-03-08 00:00:00,863994,5
4670B269,2021-03-08 00:00:00,NK-TRISTAN,579618,5,NK-TRISTAN,2021-03-08 00:00:00,579618,5
4670B270,2021-03-08 00:00:00,NK-TRISTAN,579618,5,NK-TRISTAN,2021-03-08 00:00:00,579618,5
DDS-014,2021-04-07 00:00:00,NK-IDAS,87182,300,NK-IDAS,2021-04-07 00:00:00,87182,300
DDS-022,2021-04-07 00:00:00,NK-IDAS,140833,300,NK-IDAS,2021-04-07 00:00:00,140833,300
DDS-024,2021-04-07 00:00:00,NK-IDAS,144764,200,NK-IDAS,2021-04-07 00:00:00,144764,200
2910A320,2021-04-28 00:00:00,NK-TRISTAN,606792,1,NK-TRISTAN,2021-03-08 00:00:00,605744,2
4605B754,2021-04-28 00:00:00,NK-TRISTAN,166752,10,NK-TRISTAN,2021-04-28 00:00:00,166752,10
04478-0K190,2021-07-09 00:00:00,NK-CHI,638940,2,NK-CHI,2021-07-09 00:00:00,638940,2
12305-0C050,2021-07-09 00:00:00,NK-CHI,264998,30,NK-CHI,2021-07-09 00:00:00,264998,30
16100-09151,2021-07-09 00:00:00,NK-CHI,1662129,10,NK-CHI,2021-07-09 00:00:00,1662129,10
17801-0H030,2021-07-09 00:00:00,NK-CHI,334192,100,NK-CHI,2021-07-09 00:00:00,334192,100
23220-0C081,2021-07-09 00:00:00,NK-CHI,1337506,30,NK-CHI,2021-07-09 00:00:00,1337506,30
23220-0C181,2021-07-09 00:00:00,NK-CHI,1161576,10,NK-CHI,2021-07-09 00:00:00,1161576,10
45046-09720,2021-07-09 00:00:00,NK-CHI,220832,30,NK-CHI,2021-07-09 00:00:00,220832,30
45047-09370,2021-07-09 00:00:00,NK-CHI,220832,30,NK-CHI,2021-07-09 00:00:00,220832,30
48068-09251,2021-07-09 00:00:00,NK-CHI,2386457,10,NK-GPI,2020-05-20 00:00:00,1414309,6
48068-0K040,2021-07-09 00:00:00,NK-CHI,2245861,5,NK-CHI,2021-07-09 00:00:00,2245861,5
48068-0K090,2021-07-09 00:00:00,NK-CHI,2007363,5,NK-CHI,2021-07-09 00:00:00,2007363,5
48069-02260,2021-07-09 00:00:00,NK-CHI,693412,10,NK-GPI,2020-05-20 00:00:00,626734,2
48231-0K150,2021-07-09 00:00:00,NK-CHI,598455,5,NK-CHI,2021-07-09 00:00:00,598455,5
88440-0K011,2021-07-09 00:00:00,NK-CHI,524844,100,NK-CHI,2021-07-09 00:00:00,524844,100
90916-T2027,2021-07-09 00:00:00,NK-CHI,164152,100,NK-GPI,2020-05-20 00:00:00,155849,100
90916-T2030,2021-07-09 00:00:00,NK-CHI,176666,200,NK-CHI,2021-07-09 00:00:00,176666,200
099700-2500,2021-08-04 00:00:00,NK-IDAM,592515,30,NK-IDAM,2021-08-04 00:00:00,592515,30
17801-YZZA1,2021-08-04 00:00:00,NK-IDAM,287364,400,NK-IDAM,2021-08-04 00:00:00,287364,400
31210-0K190,2021-08-04 00:00:00,NK-IDAM,1248324,100,NK-IDAM,2021-08-04 00:00:00,1248324,100
5700C289,2021-08-04 00:00:00,NK-IDAM,4917759,2,NK-IDAM,2021-08-04 00:00:00,4917759,2
7450B428,2021-08-04 00:00:00,NK-IDAM,2230074,2,NK-IDAM,2021-08-04 00:00:00,2230074,2
8301D121,2021-08-04 00:00:00,NK-IDAM,2044350,20,NK-IDAM,2021-08-04 00:00:00,2044350,20
48531-09730,2021-08-05 00:00:00,NK-TRISTAN,523206,130,NK-TRISTAN,2021-08-05 00:00:00,523206,130
81561-0K210,2021-08-05 00:00:00,NK-TRISTAN,726662,159,NK-TRISTAN,2021-03-08 00:00:00,635800,50
1104A087,2021-08-20 00:00:00,NK-IDAS,2842142,2,NK-IDAS,2021-08-20 00:00:00,2842142,2
4422A145,2021-08-20 00:00:00,NK-IDAS,606669,1,NK-IDAM,2021-08-04 00:00:00,593208,5
4422A146,2021-08-20 00:00:00,NK-IDAS,606900,1,NK-IDAM,2021-08-04 00:00:00,593208,5
JK272000-7700,2021-08-20 00:00:00,NK-IDAS,150742,200,NK-IDAS,2021-08-20 00:00:00,150742,200
1015C288,2021-11-02 00:00:00,NK-IDAM,2531877,1,NK-IDAM,2021-11-02 00:00:00,2531877,1
13101-75120,2021-11-02 00:00:00,NK-IDAM,483155,47,NK-IDAM,2021-11-02 00:00:00,483155,47
1350A984,2021-11-02 00:00:00,NK-IDAM,2376234,5,NK-IDAM,2021-11-02 00:00:00,2376234,5
1355A471,2021-11-02 00:00:00,NK-IDAM,202267,5,NK-IDAM,2021-11-02 00:00:00,202267,5
1355A503,2021-11-02 00:00:00,NK-IDAM,756729,30,NK-IDAM,2021-11-02 00:00:00,756729,30
1370B271,2021-11-02 00:00:00,NK-IDAM,100333,5,NK-IDAM,2021-11-02 00:00:00,100333,5
1370B272,2021-11-02 00:00:00,NK-IDAM,61480,3,NK-IDAM,2021-11-02 00:00:00,61480,3
1500A665,2021-11-02 00:00:00,NK-IDAM,189468,2,NK-IDAM,2021-11-02 00:00:00,189468,2
1500A686,2021-11-02 00:00:00,NK-IDAM,213466,2,NK-IDAM,2021-11-02 00:00:00,213466,2
1505B000,2021-11-02 00:00:00,NK-IDAM,485212,5,NK-IDAM,2021-11-02 00:00:00,485212,5
1588A481,2021-11-02 00:00:00,NK-IDAM,690221,5,NK-IDAM,2021-11-02 00:00:00,690221,5
1588A483,2021-11-02 00:00:00,NK-IDAM,728389,5,NK-IDAM,2021-11-02 00:00:00,728389,5
1755A119,2021-11-02 00:00:00,NK-IDAM,359281,5,NK-IDAM,2021-11-02 00:00:00,359281,5
1800A466,2021-11-02 00:00:00,NK-IDAM,2574159,5,NK-IDAM,2021-11-02 00:00:00,2574159,5
3815A714,2021-11-02 00:00:00,NK-IDAM,6053832,1,NK-IDAM,2021-11-02 00:00:00,6053832,1
3870A203,2021-11-02 00:00:00,NK-IDAM,639254,3,NK-IDAM,2021-11-02 00:00:00,639254,3
3870A204,2021-11-02 00:00:00,NK-IDAM,639254,3,NK-IDAM,2021-11-02 00:00:00,639254,3
4120A266,2021-11-02 00:00:00,NK-IDAM,3055256,2,NK-IDAM,2021-11-02 00:00:00,3055256,2
4140A497,2021-11-02 00:00:00,NK-IDAM,253233,10,NK-IDAM,2021-11-02 00:00:00,253233,10
4605B947,2021-11-02 00:00:00,NK-IDAM,1612420,2,NK-IDAM,2021-11-02 00:00:00,1612420,2
4605B948,2021-11-02 00:00:00,NK-IDAM,1612420,2,NK-IDAM,2021-11-02 00:00:00,1612420,2
4615A243,2021-11-02 00:00:00,NK-IDAM,589888,4,NK-IDAM,2021-11-02 00:00:00,589888,4
4670B306,2021-11-02 00:00:00,NK-IDAM,10240412,2,NK-IDAM,2021-11-02 00:00:00,10240412,2
4820A603,2021-11-02 00:00:00,NK-IDAM,323855,10,NK-IDAM,2021-11-02 00:00:00,323855,10
4820A604,2021-11-02 00:00:00,NK-IDAM,323855,10,NK-IDAM,2021-11-02 00:00:00,323855,10
5370B908,2021-11-02 00:00:00,NK-IDAM,869861,49,NK-IDAM,2021-11-02 00:00:00,869861,49
5370C415,2021-11-02 00:00:00,NK-IDAM,554462,30,NK-IDAM,2021-11-02 00:00:00,554462,30
5370C416,2021-11-02 00:00:00,NK-IDAM,538921,30,NK-IDAM,2021-11-02 00:00:00,538921,30
5802A566,2021-11-02 00:00:00,NK-IDAM,898202,5,NK-IDAM,2021-11-02 00:00:00,898202,5
6407A188,2021-11-02 00:00:00,NK-IDAM,343739,10,NK-IDAM,2021-11-02 00:00:00,343739,10
6410D211,2021-11-02 00:00:00,NK-IDAM,129359,10,NK-IDAM,2021-11-02 00:00:00,129359,10
6410D212,2021-11-02 00:00:00,NK-IDAM,129359,10,NK-IDAM,2021-11-02 00:00:00,129359,10
7632D397,2021-11-02 00:00:00,NK-IDAM,169813,10,NK-IDAM,2021-11-02 00:00:00,169813,10
7632D398,2021-11-02 00:00:00,NK-IDAM,169813,10,NK-IDAM,2021-11-02 00:00:00,169813,10
7812A368,2021-11-02 00:00:00,NK-IDAM,2149970,3,NK-IDAM,2021-11-02 00:00:00,2149970,3
7813B173,2021-11-02 00:00:00,NK-IDAM,6067774,1,NK-IDAM,2021-11-02 00:00:00,6067774,1
7842A210,2021-11-02 00:00:00,NK-IDAM,2220592,2,NK-IDAM,2021-11-02 00:00:00,2220592,2
81105-0K130,2021-11-02 00:00:00,NK-IDAM,1088812,6,NK-IDAM,2021-11-02 00:00:00,1088812,6
81170-0K310,2021-11-02 00:00:00,NK-IDAM,1214515,33,NK-TRISTAN,2021-06-01 00:00:00,1076940,100
8312A033,2021-11-02 00:00:00,NK-IDAM,1626590,8,NK-IDAM,2021-11-02 00:00:00,1626590,8
8312A034,2021-11-02 00:00:00,NK-IDAM,1626590,10,NK-IDAM,2021-11-02 00:00:00,1626590,10
8321A749HB,2021-11-02 00:00:00,NK-IDAM,374822,10,NK-IDAM,2021-11-02 00:00:00,374822,10
8321A750HB,2021-11-02 00:00:00,NK-IDAM,360652,10,NK-IDAM,2021-11-02 00:00:00,360652,10
8330B359,2021-11-02 00:00:00,NK-IDAM,2079119,20,NK-IDAM,2021-11-02 00:00:00,2079119,20
JK272000-3380,2021-11-02 00:00:00,NK-IDAM,159071,200,NK-IDAM,2021-11-02 00:00:00,159071,200
1015C286,2021-11-25 00:00:00,NK-IDAS,2215993,2,NK-IDAS,2021-11-25 00:00:00,2215993,2
1115A587,2021-11-25 00:00:00,NK-IDAS,1790983,4,NK-IDAS,2021-11-25 00:00:00,1790983,4
3815A713,2021-11-25 00:00:00,NK-IDAS,3900724,2,NK-IDAS,2021-11-25 00:00:00,3900724,2
3885A040,2021-11-25 00:00:00,NK-IDAS,1496218,20,NK-IDAS,2021-11-25 00:00:00,1496218,20
5802A565,2021-11-25 00:00:00,NK-IDAS,865101,3,NK-IDAS,2021-11-25 00:00:00,865101,3
8635A430,2021-11-25 00:00:00,NK-IDAS,3202655,2,NK-IDAS,2021-11-25 00:00:00,3202655,2
8637B647,2021-11-25 00:00:00,NK-IDAS,5524902,2,NK-IDAS,2021-11-25 00:00:00,5524902,2
1375B077,2021-11-30 00:00:00,NK-IDAM,171951,10,NK-IDAM,2021-11-30 00:00:00,171951,10
4040A444,2021-11-30 00:00:00,NK-IDAM,294481,1,NK-IDAM,2021-11-30 00:00:00,294481,1
42431-0K100,2021-11-30 00:00:00,NK-IDAM,819900,1,NK-IDAM,2021-11-30 00:00:00,819900,1
4401A365,2021-11-30 00:00:00,NK-IDAM,17477535,1,NK-IDAM,2021-11-30 00:00:00,17477535,1
5370B901,2021-11-30 00:00:00,NK-IDAM,789382,2,NK-IDAM,2021-11-30 00:00:00,789382,2
5700C290,2021-11-30 00:00:00,NK-IDAM,4848570,2,NK-IDAM,2021-11-30 00:00:00,4848570,2
5730B917,2021-11-30 00:00:00,NK-IDAM,4228407,1,NK-IDAM,2021-11-30 00:00:00,4228407,1
5730B918,2021-11-30 00:00:00,NK-IDAM,4186045,2,NK-IDAM,2021-11-30 00:00:00,4186045,2
5801C436,2021-11-30 00:00:00,NK-IDAM,4664320,2,NK-IDAM,2021-11-30 00:00:00,4664320,2
5900A931,2021-11-30 00:00:00,NK-IDAM,3424905,1,NK-IDAM,2021-11-30 00:00:00,3424905,1
6400H353XA,2021-11-30 00:00:00,NK-IDAM,560948,3,NK-IDAM,2021-11-30 00:00:00,560948,3
81130-0K340,2021-11-30 00:00:00,NK-IDAM,1887136,125,NK-IDAM,2021-11-30 00:00:00,1887136,125
81130-0K530,2021-11-30 00:00:00,NK-IDAM,1195688,150,NK-IDAM,2021-11-30 00:00:00,1195688,150
81170-0K530,2021-11-30 00:00:00,NK-IDAM,1195688,150,NK-IDAM,2021-11-30 00:00:00,1195688,150
8253A261,2021-11-30 00:00:00,NK-IDAM,166258,6,NK-IDAM,2021-11-30 00:00:00,166258,6
8334A182,2021-11-30 00:00:00,NK-IDAM,549788,2,NK-IDAM,2021-11-30 00:00:00,549788,2
90919-T2011,2021-11-30 00:00:00,NK-IDAM,380570,100,NK-TRISTAN,2021-04-28 00:00:00,367318,20
12305-0M030,2021-12-09 00:00:00,NK-CHI,849420,5,NK-CHI,2021-12-09 00:00:00,849420,5
31420-0K080,2021-12-09 00:00:00,NK-CHI,994565,5,NK-CHI,2021-12-09 00:00:00,994565,5
77020-0D190,2021-12-09 00:00:00,NK-CHI,4856280,3,NK-CHI,2021-12-09 00:00:00,4856280,3
87103-06041,2021-12-09 00:00:00,NK-CHI,2559700,2,NK-CHI,2021-12-09 00:00:00,2559700,2
1028A125,2021-12-15 00:00:00,NK-IDAS,1671688,2,NK-IDAM,2021-11-02 00:00:00,1640760,2
1035A991,2021-12-15 00:00:00,NK-IDAS,357222,3,NK-IDAM,2021-11-02 00:00:00,349453,5
1060A201,2021-12-15 00:00:00,NK-IDAS,7250846,2,NK-IDAS,2021-12-15 00:00:00,7250846,2
1110D327,2021-12-15 00:00:00,NK-IDAS,326786,9,NK-IDAS,2021-12-15 00:00:00,653572,10
1140A046,2021-12-15 00:00:00,NK-IDAS,206415,2,NK-IDAM,2021-11-02 00:00:00,202267,5
1140A090,2021-12-15 00:00:00,NK-IDAS,720622,2,NK-IDAS,2021-12-15 00:00:00,720621,1
1141A063,2021-12-15 00:00:00,NK-IDAS,219002,2,NK-IDAS,2021-11-25 00:00:00,218675,1
1141A085,2021-12-15 00:00:00,NK-IDAS,858842,2,NK-IDAM,2021-11-02 00:00:00,841521,2
1147A046,2021-12-15 00:00:00,NK-IDAS,6490863,1,NK-IDAS,2021-12-15 00:00:00,6490863,1
1300A095,2021-12-15 00:00:00,NK-IDAS,2903313,1,NK-IDAS,2021-12-15 00:00:00,2903313,1
1718A169,2021-12-15 00:00:00,NK-IDAS,369350,2,NK-IDAM,2021-11-02 00:00:00,362023,10
1832A080,2021-12-15 00:00:00,NK-IDAS,2280178,8,NK-IDAS,2021-12-15 00:00:00,2280178,8
4055A048,2021-12-15 00:00:00,NK-IDAS,392921,4,NK-IDAS,2021-12-15 00:00:00,392921,4
4056A078,2021-12-15 00:00:00,NK-IDAS,129753,4,NK-IDAS,2021-11-25 00:00:00,129560,6
4060A047,2021-12-15 00:00:00,NK-IDAS,379648,4,NK-IDAS,2021-12-15 00:00:00,379648,4
4060A575,2021-12-15 00:00:00,NK-IDAS,819482,37,NK-TRISTAN,2021-03-08 00:00:00,762960,10
48231-0K010,2021-12-15 00:00:00,NK-IDAM,374134,5,NK-IDAM,2021-12-15 00:00:00,374134,5
7850A002,2021-12-15 00:00:00,NK-IDAS,240284,2,NK-IDAM,2021-11-02 00:00:00,223522,100
8321A752,2021-12-15 00:00:00,NK-IDAS,416492,10,NK-IDAS,2021-12-15 00:00:00,416492,10
99332-51030,2021-12-15 00:00:00,NK-IDAM,83575,140,NK-IDAS,2021-04-07 00:00:00,82326,40
MN101368,2021-12-15 00:00:00,NK-IDAS,1345360,4,NK-IDAS,2021-12-15 00:00:00,1345360,4
MN101372,2021-12-15 00:00:00,NK-IDAS,1254052,2,NK-IDAS,2021-12-15 00:00:00,1254052,2
MN163743,2021-12-15 00:00:00,NK-IDAS,339372,2,NK-IDAM,2021-11-02 00:00:00,332312,5
MN195370,2021-12-15 00:00:00,NK-IDAS,858842,2,NK-IDAS,2021-12-15 00:00:00,858842,2
MR272946,2021-12-15 00:00:00,NK-IDAS,307792,2,NK-IDAM,2021-11-02 00:00:00,257347,10
MR985041,2021-12-15 00:00:00,NK-IDAS,1832564,1,NK-IDAS,2021-12-15 00:00:00,1832564,1
04111-31445,2021-12-18 00:00:00,NK-TS,3607676,2,NK-TS,2021-12-18 00:00:00,3607676,2
04466-YZZAC,2021-12-18 00:00:00,NK-TS,685644,30,NK-TS,2021-12-18 00:00:00,685644,30
04466-YZZAE,2021-12-18 00:00:00,NK-TS,457096,10,NK-TS,2021-12-18 00:00:00,457096,10
04478-22040,2021-12-18 00:00:00,NK-TS,277170,4,NK-TS,2021-12-18 00:00:00,277170,4
04478-47060,2021-12-18 00:00:00,NK-TS,545415,10,NK-TS,2021-12-18 00:00:00,545415,10
04478-52070,2021-12-18 00:00:00,NK-TS,402836,5,NK-TS,2021-12-18 00:00:00,402836,5
04478-60050,2021-12-18 00:00:00,NK-TS,262137,10,NK-TS,2021-12-18 00:00:00,262137,10
04479-48050,2021-12-18 00:00:00,NK-TS,513939,10,NK-TS,2021-12-18 00:00:00,513939,10
04479-52250,2021-12-18 00:00:00,NK-TS,473303,5,NK-TS,2021-12-18 00:00:00,473303,5
04479-60060,2021-12-18 00:00:00,NK-TS,311229,2,NK-TS,2021-12-18 00:00:00,311229,2
04479-60270,2021-12-18 00:00:00,NK-TS,313578,10,NK-TS,2021-12-18 00:00:00,313578,10
11201-75055,2021-12-18 00:00:00,NK-TS,2038610,2,NK-TS,2021-12-18 00:00:00,2038610,2
11213-20030,2021-12-18 00:00:00,NK-TS,148685,30,NK-TS,2021-12-18 00:00:00,148685,30
11213-38020,2021-12-18 00:00:00,NK-TS,150564,10,NK-TS,2021-12-18 00:00:00,150564,10
11213-50031,2021-12-18 00:00:00,NK-TS,134827,20,NK-TS,2021-12-18 00:00:00,134827,20
11214-20030,2021-12-18 00:00:00,NK-TS,148685,30,NK-TS,2021-12-18 00:00:00,148685,30
11214-38010,2021-12-18 00:00:00,NK-TS,150564,10,NK-TS,2021-12-18 00:00:00,150564,10
11214-50011,2021-12-18 00:00:00,NK-TS,134827,14,NK-TS,2021-12-18 00:00:00,269654,20
11320-30060,2021-12-18 00:00:00,NK-TS,2151592,2,NK-TS,2021-12-18 00:00:00,2151592,2
12305-31020,2021-12-18 00:00:00,NK-TS,1624734,2,NK-TS,2021-12-18 00:00:00,1624734,2
12305-36110,2021-12-18 00:00:00,NK-TS,1470646,5,NK-TS,2021-12-18 00:00:00,1470646,5
12361-31112,2021-12-18 00:00:00,NK-TS,1777178,4,NK-TS,2021-12-18 00:00:00,3554356,5
12361-36080,2021-12-18 00:00:00,NK-TS,1389374,2,NK-TS,2021-12-18 00:00:00,1389374,2
12362-28020,2021-12-18 00:00:00,NK-TS,1442459,5,NK-TS,2021-12-18 00:00:00,1442459,5
12362-38010,2021-12-18 00:00:00,NK-TS,1202872,2,NK-TS,2021-12-18 00:00:00,1202872,2
12372-20060,2021-12-18 00:00:00,NK-TS,1527959,3,NK-TS,2021-12-18 00:00:00,1527959,3
12372-21131,2021-12-18 00:00:00,NK-TS,1081903,3,NK-TS,2021-12-18 00:00:00,1081903,3
12372-21150,2021-12-18 00:00:00,NK-TS,1081903,2,NK-TS,2021-12-18 00:00:00,1081903,2
13408-30011,2021-12-18 00:00:00,NK-TS,1906837,3,NK-TS,2021-12-18 00:00:00,1906837,3
13521-31060,2021-12-18 00:00:00,NK-TS,172174,3,NK-TS,2021-12-18 00:00:00,172174,3
13521-37011,2021-12-18 00:00:00,NK-TS,106640,5,NK-TS,2021-12-18 00:00:00,106640,5
13521-75021,2021-12-18 00:00:00,NK-TS,279519,2,NK-TS,2021-12-18 00:00:00,279519,2
13523-22020,2021-12-18 00:00:00,NK-TS,230662,3,NK-TS,2021-12-18 00:00:00,230662,3
13559-21031,2021-12-18 00:00:00,NK-TS,221971,10,NK-TS,2021-12-18 00:00:00,221971,10
13561-28010,2021-12-18 00:00:00,NK-TS,419044,5,NK-TS,2021-12-18 00:00:00,838088,10
13561-31021,2021-12-18 00:00:00,NK-TS,557159,2,NK-TS,2021-12-18 00:00:00,557159,2
13561-66010,2021-12-18 00:00:00,NK-TS,586755,2,NK-TS,2021-12-18 00:00:00,586755,2
15100-28020,2021-12-18 00:00:00,NK-TS,801914,10,NK-TS,2021-12-18 00:00:00,801914,10
15330-22050,2021-12-18 00:00:00,NK-TS,650176,10,NK-TS,2021-12-18 00:00:00,650176,10
16100-59276,2021-12-18 00:00:00,NK-TS,1527490,3,NK-TS,2021-12-18 00:00:00,1527490,3
16604-31030,2021-12-18 00:00:00,NK-TS,408943,10,NK-TS,2021-12-18 00:00:00,408943,10
23209-31090,2021-12-18 00:00:00,NK-TS,1593494,6,NK-TS,2021-12-18 00:00:00,1593494,6
28130-28040,2021-12-18 00:00:00,NK-TS,135062,5,NK-TS,2021-12-18 00:00:00,135062,5
31210-26172,2021-12-18 00:00:00,NK-TS,1718925,15,NK-TS,2021-12-18 00:00:00,1718925,15
35330-06010,2021-12-18 00:00:00,NK-TS,534610,10,NK-TS,2021-12-18 00:00:00,534610,10
35330-0W080,2021-12-18 00:00:00,NK-TS,449579,5,NK-TS,2021-12-18 00:00:00,449579,5
35330-0W090,2021-12-18 00:00:00,NK-TS,390387,5,NK-TS,2021-12-18 00:00:00,390387,5
35330-28010,2021-12-18 00:00:00,NK-TS,534610,5,NK-TS,2021-12-18 00:00:00,534610,5
35330-48010,2021-12-18 00:00:00,NK-TS,667557,3,NK-TS,2021-12-18 00:00:00,667557,3
42304-48060,2021-12-18 00:00:00,NK-TS,3673680,2,NK-TS,2021-12-18 00:00:00,3673680,2
42305-48060,2021-12-18 00:00:00,NK-TS,3673680,2,NK-TS,2021-12-18 00:00:00,3673680,2
42311-0K090,2021-12-18 00:00:00,NK-TS,2752911,6,NK-TS,2021-12-18 00:00:00,2752911,6
42410-42040,2021-12-18 00:00:00,NK-TS,1796204,2,NK-TS,2021-12-18 00:00:00,1796204,2
42410-48041,2021-12-18 00:00:00,NK-TS,2343028,2,NK-TS,2021-12-18 00:00:00,2343028,2
42410-48061,2021-12-18 00:00:00,NK-TS,2928609,5,NK-TS,2021-12-18 00:00:00,2928609,5
42410-50030,2021-12-18 00:00:00,NK-TS,2821968,2,NK-TS,2021-12-18 00:00:00,2821968,2
42431-60311,2021-12-18 00:00:00,NK-TS,1830028,6,NK-TS,2021-12-18 00:00:00,1830028,6
42450-42040,2021-12-18 00:00:00,NK-TS,3110648,2,NK-TS,2021-12-18 00:00:00,3110648,2
42460-60010,2021-12-18 00:00:00,NK-TS,2492418,2,NK-TS,2021-12-18 00:00:00,2492418,2
43211-48010,2021-12-18 00:00:00,NK-TS,2386248,2,NK-TS,2021-12-18 00:00:00,2386248,2
43211-60200,2021-12-18 00:00:00,NK-TS,3067429,2,NK-TS,2021-12-18 00:00:00,3067429,2
43330-29565,2021-12-18 00:00:00,NK-TS,913017,2,NK-TS,2021-12-18 00:00:00,913017,2
43560-26010,2021-12-18 00:00:00,NK-TS,1131465,16,NK-TS,2021-12-18 00:00:00,1131465,16
47731-12A70,2021-12-18 00:00:00,NK-TS,305122,8,NK-TS,2021-12-18 00:00:00,305122,8
47732-60010,2021-12-18 00:00:00,NK-TS,202475,4,NK-TS,2021-12-18 00:00:00,202475,4
47732-60020,2021-12-18 00:00:00,NK-TS,194959,2,NK-TS,2021-12-18 00:00:00,194959,2
48068-09010,2021-12-18 00:00:00,NK-TS,1080024,10,NK-TS,2021-12-18 00:00:00,1080024,10
48068-42060,2021-12-18 00:00:00,NK-TS,1827444,2,NK-TS,2021-12-18 00:00:00,1827444,2
48068-60051,2021-12-18 00:00:00,NK-TS,3345303,3,NK-TS,2021-12-18 00:00:00,3345303,3
48069-28140,2021-12-18 00:00:00,NK-TS,1827444,2,NK-TS,2021-12-18 00:00:00,1827444,2
48069-33070,2021-12-18 00:00:00,NK-TS,1641881,10,NK-TS,2021-12-18 00:00:00,1641881,10
48069-42050,2021-12-18 00:00:00,NK-TS,2292292,2,NK-TS,2021-12-18 00:00:00,2292292,2
48069-42060,2021-12-18 00:00:00,NK-TS,1827444,2,NK-TS,2021-12-18 00:00:00,1827444,2
48069-60051,2021-12-18 00:00:00,NK-TS,3345303,3,NK-TS,2021-12-18 00:00:00,3345303,3
48157-42020,2021-12-18 00:00:00,NK-TS,181335,4,NK-TS,2021-12-18 00:00:00,181335,4
48341-12230,2021-12-18 00:00:00,NK-TS,144457,8,NK-TS,2021-12-18 00:00:00,288914,50
48510-69405,2021-12-18 00:00:00,NK-TS,2031329,2,NK-TS,2021-12-18 00:00:00,2031329,2
48818-33101,2021-12-18 00:00:00,NK-TS,69058,2,NK-TS,2021-12-18 00:00:00,69058,2
48830-48010,2021-12-18 00:00:00,NK-TS,598500,40,NK-TS,2021-12-18 00:00:00,598500,40
90369-40009,2021-12-18 00:00:00,NK-TS,472834,20,NK-TS,2021-12-18 00:00:00,472834,20
90919-05047,2021-12-18 00:00:00,NK-TS,820941,3,NK-TS,2021-12-18 00:00:00,820941,3
90919-05070,2021-12-18 00:00:00,NK-TS,753997,3,NK-TS,2021-12-18 00:00:00,753997,3
90919-05087,2021-12-18 00:00:00,NK-TS,535314,5,NK-TS,2021-12-18 00:00:00,535314,5
90919-15530,2021-12-18 00:00:00,NK-TS,305122,30,NK-TS,2021-12-18 00:00:00,305122,30
90919-15531,2021-12-18 00:00:00,NK-TS,305122,30,NK-TS,2021-12-18 00:00:00,305122,30
90919-15532,2021-12-18 00:00:00,NK-TS,315457,30,NK-TS,2021-12-18 00:00:00,315457,30
90919-15533,2021-12-18 00:00:00,NK-TS,315457,30,NK-TS,2021-12-18 00:00:00,315457,30
90919-15534,2021-12-18 00:00:00,NK-TS,324148,30,NK-TS,2021-12-18 00:00:00,324148,30
90919-15535,2021-12-18 00:00:00,NK-TS,337067,30,NK-TS,2021-12-18 00:00:00,337067,30
90916-T2047,2021-12-29 00:00:00,NK-CHI,384848,20,NK-CHI,2021-12-29 00:00:00,384848,20
04111-0P065,2022-02-26 00:00:00,NK-TS,3215616,2,NK-TS,2022-02-26 00:00:00,3215616,2
04371-0K110,2022-02-26 00:00:00,NK-TS,420282,100,NK-TS,2022-02-26 00:00:00,420282,100
04421-30081,2022-02-26 00:00:00,NK-TS,455130,10,NK-TS,2022-02-26 00:00:00,455130,10
04465-0D130,2022-02-26 00:00:00,NK-TS,990716,100,NK-TS,2022-02-26 00:00:00,990716,100
04465-0D140,2022-02-26 00:00:00,NK-TS,899502,4,NK-TS,2022-02-26 00:00:00,899502,4
04465-52310,2022-02-26 00:00:00,NK-TS,899502,18,NK-TS,2022-02-26 00:00:00,899502,18
04465-YZZR7,2022-02-26 00:00:00,NK-TS,975513,30,NK-TS,2022-02-26 00:00:00,975513,30
04466-YZZAM,2022-02-26 00:00:00,NK-TS,602241,50,NK-TS,2022-02-26 00:00:00,602241,50
04479-48130,2022-02-26 00:00:00,NK-TS,511729,1,NK-TS,2022-02-26 00:00:00,511729,1
12305-0M122,2022-02-26 00:00:00,NK-TS,1131979,5,NK-TS,2022-02-26 00:00:00,1131979,5
12305-0T092,2022-02-26 00:00:00,NK-TS,871437,2,NK-TS,2022-02-26 00:00:00,871437,2
12305-21220,2022-02-26 00:00:00,NK-TS,1617748,2,NK-TS,2022-02-26 00:00:00,1617748,2
12309-0H071,2022-02-26 00:00:00,NK-TS,809693,40,NK-TS,2022-02-26 00:00:00,809693,40
12361-28221,2022-02-26 00:00:00,NK-TS,1609562,30,NK-TS,2022-02-26 00:00:00,1609562,30
12361-51030,2022-02-26 00:00:00,NK-TS,1403514,5,NK-TS,2022-02-26 00:00:00,1403514,5
12372-0M130,2022-02-26 00:00:00,NK-TS,1028838,3,NK-TS,2022-02-26 00:00:00,1028838,3
12372-0T211,2022-02-26 00:00:00,NK-TS,873308,1,NK-TS,2022-02-26 00:00:00,873308,1
12372-20100,2022-02-26 00:00:00,NK-TS,1383400,3,NK-TS,2022-02-26 00:00:00,1383400,3
13506-38020,2022-02-26 00:00:00,NK-TS,885236,5,NK-TS,2022-02-26 00:00:00,885236,5
13540-28010,2022-02-26 00:00:00,NK-TS,233880,7,NK-TS,2022-02-26 00:00:00,233880,7
16100-0H050,2022-02-26 00:00:00,NK-TS,936689,6,NK-TS,2022-02-26 00:00:00,936689,6
16100-39616,2022-02-26 00:00:00,NK-TS,1322358,3,NK-TS,2022-02-26 00:00:00,1322358,3
17801-0D030,2022-02-26 00:00:00,NK-TS,182426,10,NK-TS,2022-02-26 00:00:00,182426,10
31230-60170,2022-02-26 00:00:00,NK-TS,592652,30,NK-TS,2022-02-26 00:00:00,592652,30
31230-71052,2022-02-26 00:00:00,NK-TS,826532,30,NK-TS,2022-02-26 00:00:00,826532,30
31410-0B010,2022-02-26 00:00:00,NK-TS,500971,4,NK-TS,2022-02-26 00:00:00,500971,4
35330-60080,2022-02-26 00:00:00,NK-TS,445308,5,NK-TS,2022-02-26 00:00:00,445308,5
42423-KK010,2022-02-26 00:00:00,NK-TS,130271,5,NK-TS,2022-02-26 00:00:00,130271,5
42450-12170,2022-02-26 00:00:00,NK-TS,2481701,3,NK-TS,2022-02-26 00:00:00,2481701,3
42460-48011,2022-02-26 00:00:00,NK-TS,3436399,2,NK-TS,2022-02-26 00:00:00,3436399,2
43211-0K010,2022-02-26 00:00:00,NK-TS,1885774,2,NK-TS,2022-02-26 00:00:00,1885774,2
44320-35610,2022-02-26 00:00:00,NK-TS,6274533,1,NK-TS,2022-02-26 00:00:00,6274533,1
45503-09220,2022-02-26 00:00:00,NK-TS,228033,8,NK-TS,2022-02-26 00:00:00,228033,8
45503-09331,2022-02-26 00:00:00,NK-TS,964287,60,NK-TS,2022-02-26 00:00:00,964287,60
47201-60A22,2022-02-26 00:00:00,NK-TS,3542580,2,NK-TS,2022-02-26 00:00:00,3542580,2
47731-02450,2022-02-26 00:00:00,NK-TS,187806,8,NK-TS,2022-02-26 00:00:00,187806,8
47731-12A10,2022-02-26 00:00:00,NK-TS,187806,3,NK-TS,2022-02-26 00:00:00,187806,3
47831-52090,2022-02-26 00:00:00,NK-TS,100802,45,NK-TS,2022-02-26 00:00:00,100802,45
48090-50202,2022-02-26 00:00:00,NK-TS,8505514,2,NK-TS,2022-02-26 00:00:00,8505514,2
48540-A9390,2022-02-26 00:00:00,NK-TS,2418274,1,NK-TS,2022-02-26 00:00:00,2418274,1
48820-0D020,2022-02-26 00:00:00,NK-TS,655566,20,NK-TS,2022-02-26 00:00:00,655566,20
90080-91232,2022-02-26 00:00:00,NK-TS,24090,20,NK-TS,2022-02-26 00:00:00,24090,20
90369-T0007,2022-02-26 00:00:00,NK-TS,580958,100,NK-TS,2022-02-26 00:00:00,580958,100
90919-01192,2022-02-26 00:00:00,NK-TS,38122,400,NK-TS,2022-02-26 00:00:00,38122,400
90919-01210,2022-02-26 00:00:00,NK-TS,172370,200,NK-TS,2022-02-26 00:00:00,172370,200
GWHO-60A,2022-02-26 00:00:00,NK-TS,368127,20,NK-TS,2022-02-26 00:00:00,368127,20
GWHO-63A,2022-02-26 00:00:00,NK-TS,582829,20,NK-TS,2022-02-26 00:00:00,582829,20
GWM-91A,2022-02-26 00:00:00,NK-TS,464953,30,NK-TS,2022-02-26 00:00:00,464953,30
GWT-149A,2022-02-26 00:00:00,NK-TS,448348,40,NK-TS,2022-02-26 00:00:00,448348,40
04111-36126,2022-03-29 00:00:00,NK-TS,2482814,2,NK-TS,2022-03-29 00:00:00,2482814,2
04465-50260,2022-03-29 00:00:00,NK-TS,1398828,4,NK-TS,2022-03-29 00:00:00,1398828,4
04465-YZZ63,2022-03-29 00:00:00,NK-TS,597049,1,NK-TS,2022-03-29 00:00:00,597049,1
04465-YZZF6,2022-03-29 00:00:00,NK-TS,1015900,6,NK-TS,2022-02-26 00:00:00,984401,10
04465-YZZR6,2022-03-29 00:00:00,NK-TS,730875,2,NK-TS,2022-03-29 00:00:00,730875,2
11213-0D020,2022-03-29 00:00:00,NK-TS,105652,10,NK-TS,2022-02-26 00:00:00,101972,30
11213-0M010,2022-03-29 00:00:00,NK-TS,70904,28,NK-TS,2022-02-26 00:00:00,70632,72
11213-22010,2022-03-29 00:00:00,NK-TS,232668,3,NK-TS,2022-03-29 00:00:00,232668,3
12360-31041,2022-03-29 00:00:00,NK-TS,1188934,3,NK-TS,2022-03-29 00:00:00,1188934,3
12361-0V030,2022-03-29 00:00:00,NK-TS,1188934,3,NK-TS,2022-03-29 00:00:00,1188934,3
12361-28250,2022-03-29 00:00:00,NK-TS,627336,3,NK-TS,2022-03-29 00:00:00,627336,3
12361-31201,2022-03-29 00:00:00,NK-TS,1442028,1,NK-TS,2022-03-29 00:00:00,1442028,1
12362-0P051,2022-03-29 00:00:00,NK-TS,1469967,2,NK-TS,2022-03-29 00:00:00,1469967,2
12371-0D040,2022-03-29 00:00:00,NK-TS,397016,2,NK-TS,2022-03-29 00:00:00,397016,2
12371-0M020,2022-03-29 00:00:00,NK-TS,279390,1,NK-TS,2022-02-26 00:00:00,264752,2
12372-0M030,2022-03-29 00:00:00,NK-TS,180077,4,NK-TS,2022-02-26 00:00:00,171668,3
13101-0M030,2022-03-29 00:00:00,NK-TS,415328,2,NK-TS,2022-02-26 00:00:00,413734,6
13103-30081,2022-03-29 00:00:00,NK-TS,1103003,4,NK-TS,2022-03-29 00:00:00,1103003,4
13506-0M020,2022-03-29 00:00:00,NK-TS,426128,3,NK-TS,2022-02-26 00:00:00,424492,1
13540-21020,2022-03-29 00:00:00,NK-TS,292538,1,NK-TS,2022-03-29 00:00:00,292538,1
13559-22011,2022-03-29 00:00:00,NK-TS,236190,2,NK-TS,2022-03-29 00:00:00,236190,2
13568-09041,2022-03-29 00:00:00,NK-TS,676406,5,NK-TS,2022-03-29 00:00:00,676406,5
15110-13010,2022-03-29 00:00:00,NK-TS,894283,1,NK-TS,2022-02-26 00:00:00,890849,1
15330-20011,2022-03-29 00:00:00,NK-TS,606206,4,NK-TS,2022-03-29 00:00:00,606206,4
16363-0M010,2022-03-29 00:00:00,NK-TS,627336,1,NK-TS,2022-03-29 00:00:00,627336,1
16604-50030,2022-03-29 00:00:00,NK-TS,513232,2,NK-TS,2022-03-29 00:00:00,513232,2
17801-31110,2022-03-29 00:00:00,NK-TS,391616,5,NK-TS,2022-03-29 00:00:00,391616,5
23209-39165,2022-03-29 00:00:00,NK-TS,1592758,8,NK-TS,2022-03-29 00:00:00,1592758,8
28100-28042,2022-03-29 00:00:00,NK-TS,5414061,2,NK-TS,2022-03-29 00:00:00,5414061,2
31470-60201,2022-03-29 00:00:00,NK-TS,550328,1,NK-TS,2022-03-29 00:00:00,550328,1
35330-52010,2022-03-29 00:00:00,NK-TS,390207,5,NK-TS,2022-03-29 00:00:00,390207,5
42450-02100,2022-03-29 00:00:00,NK-TS,2073355,2,NK-TS,2022-03-29 00:00:00,2073355,2
43211-0T010,2022-03-29 00:00:00,NK-TS,2842969,1,NK-TS,2022-03-29 00:00:00,2842969,1
45046-09281,2022-03-29 00:00:00,NK-TS,345598,10,NK-TS,2022-02-26 00:00:00,344739,67
45046-39505,2022-03-29 00:00:00,NK-TS,439041,4,NK-TS,2022-03-29 00:00:00,439041,4
45503-39265,2022-03-29 00:00:00,NK-TS,1096664,2,NK-TS,2022-03-29 00:00:00,1096664,2
45510-52141,2022-03-29 00:00:00,NK-TS,6025667,2,NK-TS,2022-03-29 00:00:00,6025667,2
46540-20080,2022-03-29 00:00:00,NK-TS,181956,4,NK-TS,2022-03-29 00:00:00,181956,4
48069-48070,2022-03-29 00:00:00,NK-TS,1733861,5,NK-TS,2022-03-29 00:00:00,1733861,5
48157-02020,2022-03-29 00:00:00,NK-TS,62217,19,NK-TS,2022-02-26 00:00:00,61978,21
48341-50080,2022-03-29 00:00:00,NK-TS,170451,1,NK-TS,2022-03-29 00:00:00,170451,1
48510-80340,2022-03-29 00:00:00,NK-TS,2633075,1,NK-TS,2022-03-29 00:00:00,2633075,1
48520-49555,2022-03-29 00:00:00,NK-TS,2943221,2,NK-TS,2022-03-29 00:00:00,2943221,2
48530-80387,2022-03-29 00:00:00,NK-TS,2633779,1,NK-TS,2022-03-29 00:00:00,2633779,1
48540-39775,2022-03-29 00:00:00,NK-TS,2188633,1,NK-TS,2022-03-29 00:00:00,2188633,1
48630-59125,2022-03-29 00:00:00,NK-TS,4323971,2,NK-TS,2022-03-29 00:00:00,4323971,2
48680-50120,2022-03-29 00:00:00,NK-TS,992656,4,NK-TS,2022-03-29 00:00:00,992656,4
48750-48040,2022-03-29 00:00:00,NK-TS,804127,5,NK-TS,2022-03-29 00:00:00,804127,5
48815-06200,2022-03-29 00:00:00,NK-TS,72782,175,NK-TS,2022-02-26 00:00:00,72503,25
48815-0K130,2022-03-29 00:00:00,NK-TS,125843,1,NK-TS,2022-03-29 00:00:00,125843,1
48815-60150,2022-03-29 00:00:00,NK-TS,109408,4,NK-TS,2022-03-29 00:00:00,109408,4
48818-06220,2022-03-29 00:00:00,NK-TS,74895,46,NK-TS,2022-02-26 00:00:00,74608,54
48820-30090,2022-03-29 00:00:00,NK-TS,549389,1,NK-TS,2022-03-29 00:00:00,549389,1
77024-26011,2022-03-29 00:00:00,NK-TS,1224151,3,NK-TS,2022-02-26 00:00:00,1219450,4
84340-69075,2022-03-29 00:00:00,NK-TS,233842,1,NK-TS,2022-03-29 00:00:00,233842,1
89467-33080,2022-03-29 00:00:00,NK-TS,1969112,1,NK-TS,2022-03-29 00:00:00,1969112,1
90311-99009,2022-03-29 00:00:00,NK-TS,385511,1,NK-TS,2022-03-29 00:00:00,385511,1
90311-T0054,2022-03-29 00:00:00,NK-TS,121147,10,NK-TS,2022-03-29 00:00:00,121147,10
90313-62001,2022-03-29 00:00:00,NK-TS,84521,1,NK-TS,2022-03-29 00:00:00,84521,1
90363-T0023,2022-03-29 00:00:00,NK-TS,516989,8,NK-TS,2022-02-26 00:00:00,515004,2
90366-T0044,2022-03-29 00:00:00,NK-TS,483885,6,NK-TS,2022-03-29 00:00:00,483885,6
90369-45006,2022-03-29 00:00:00,NK-TS,779944,1,NK-TS,2022-03-29 00:00:00,779944,1
90916-03129,2022-03-29 00:00:00,NK-TS,210599,10,NK-TS,2022-03-29 00:00:00,210599,10
GWIS-50A,2022-03-29 00:00:00,NK-TS,503372,20,NK-TS,2022-03-29 00:00:00,503372,20
GWM-100A,2022-03-29 00:00:00,NK-TS,634145,10,NK-TS,2022-03-29 00:00:00,634145,10
GWM-40A,2022-03-29 00:00:00,NK-TS,338320,20,NK-TS,2022-03-29 00:00:00,338320,20
GWMZ-54A,2022-03-29 00:00:00,NK-TS,440215,20,NK-TS,2022-03-29 00:00:00,440215,20
GWT-131A,2022-03-29 00:00:00,NK-TS,327755,100,NK-TS,2022-03-29 00:00:00,327755,100
GWT-151A,2022-03-29 00:00:00,NK-TS,646119,5,NK-TS,2022-03-29 00:00:00,646119,5
GWT-64A,2022-03-29 00:00:00,NK-TS,247929,20,NK-TS,2022-03-29 00:00:00,247929,20
GWT-85A,2022-03-29 00:00:00,NK-TS,326581,10,NK-TS,2022-03-29 00:00:00,326581,10
GWT-87A,2022-03-29 00:00:00,NK-TS,595875,20,NK-TS,2022-03-29 00:00:00,595875,20
GWT-96A,2022-03-29 00:00:00,NK-TS,375181,100,NK-TS,2022-03-29 00:00:00,375181,100
12305-0Y060,2022-04-05 00:00:00,NK-IDAS,657967,5,NK-IDAS,2022-04-05 00:00:00,657967,5
12306W000P,2022-04-05 00:00:00,NK-IDAS,2511652,2,NK-IDAS,2022-04-05 00:00:00,2511652,2
168000-5470,2022-04-05 00:00:00,NK-IDAS,781638,20,NK-IDAS,2022-04-05 00:00:00,781638,20
195131-9390,2022-04-05 00:00:00,NK-IDAS,496757,1,NK-IDAS,2022-04-05 00:00:00,496757,1
263500-6170,2022-04-05 00:00:00,NK-IDAS,360189,10,NK-IDAS,2022-04-05 00:00:00,720378,30
263500-6180,2022-04-05 00:00:00,NK-IDAS,335547,10,NK-IDAS,2022-04-05 00:00:00,671094,30
31210-0B020,2022-04-05 00:00:00,NK-IDAS,684449,1,NK-IDAS,2022-04-05 00:00:00,684449,1
48510-BZ740,2022-04-05 00:00:00,NK-IDAS,906691,5,NK-IDAS,2022-04-05 00:00:00,906691,5
48520-BZ740,2022-04-05 00:00:00,NK-IDAS,848886,5,NK-IDAS,2022-04-05 00:00:00,848886,5
48541-09130,2022-04-05 00:00:00,NK-IDAS,418685,3,NK-IDAS,2022-04-05 00:00:00,418685,3
81551-0K210,2022-04-05 00:00:00,NK-IDAS,648064,50,NK-IDAS,2022-04-05 00:00:00,648064,50
87139-06080,2022-04-05 00:00:00,NK-IDAS,269221,50,NK-IDAS,2022-04-05 00:00:00,269221,50
DDP-014R,2022-04-05 00:00:00,NK-IDAS,86823,50,NK-IDAS,2022-04-05 00:00:00,86823,50
DDP-016R,2022-04-05 00:00:00,NK-IDAS,86823,100,NK-IDAS,2022-04-05 00:00:00,86823,100
DDS-020,2022-04-05 00:00:00,NK-IDAS,119065,300,NK-IDAS,2021-04-07 00:00:00,105220,300
JK272000-6920,2022-04-05 00:00:00,NK-IDAS,112847,500,NK-IDAS,2022-04-05 00:00:00,112847,500
31210-0K101,2022-04-12 00:00:00,NK-IDAM,907710,199,NK-IDAM,2021-11-02 00:00:00,902772,314
5220M481,2022-04-12 00:00:00,NK-IDAM,1991676,2,NK-IDAM,2022-04-12 00:00:00,1991676,2
7813A945,2022-04-12 00:00:00,NK-IDAM,1909408,1,NK-IDAM,2022-04-12 00:00:00,1909408,1
81106-0K130,2022-04-12 00:00:00,NK-IDAM,1068570,76,NK-IDAM,2021-11-30 00:00:00,1059038,15
8330B362,2022-04-12 00:00:00,NK-IDAM,1372366,5,NK-IDAM,2021-11-02 00:00:00,1364901,10
04465-YZZQ6-82,2022-04-21 00:00:00,NK-TRISTAN,638114,235,NK-IDAM,2021-12-15 00:00:00,634012,200
11115-0C021,2022-04-21 00:00:00,NK-TRISTAN,534755,5,NK-TRISTAN,2022-04-21 00:00:00,534755,5
31250-0D231,2022-04-21 00:00:00,NK-TRISTAN,986637,100,NK-IDAM,2021-12-15 00:00:00,858630,25
8301D122,2022-04-21 00:00:00,NK-TRISTAN,1970742,8,NK-TRISTAN,2022-04-21 00:00:00,1970742,8
13011-0L020,2022-05-10 00:00:00,NK-IDAM,793029,10,NK-IDAM,2021-12-15 00:00:00,786734,30
31250-0K205,2022-05-10 00:00:00,NK-IDAM,2303846,10,NK-TRISTAN,2022-04-21 00:00:00,2298087,10
4060A576,2022-05-10 00:00:00,NK-IDAM,942818,1,NK-TRISTAN,2021-04-28 00:00:00,764280,9
8355A091,2022-05-10 00:00:00,NK-IDAM,95782,10,NK-IDAM,2021-11-02 00:00:00,94848,40
8355A092,2022-05-10 00:00:00,NK-IDAM,95782,10,NK-IDAM,2021-11-02 00:00:00,94848,40
90915-YZZZ2,2022-05-10 00:00:00,NK-IDAM,44544,20,NK-IDAM,2021-05-24 00:00:00,42614,200
90919-01059,2022-05-10 00:00:00,NK-IDAM,17772,1000,NK-TRISTAN,2022-04-21 00:00:00,17265,50
90919-T1004,2022-05-10 00:00:00,NK-IDAM,19156,15000,NK-IDAM,2021-05-24 00:00:00,18760,7000
04465-YZZR3,2022-05-13 00:00:00,NK-CHI,833976,20,NK-CHI,2022-05-13 00:00:00,833976,20
04465-YZZS1,2022-05-13 00:00:00,NK-CHI,822744,20,NK-CHI,2022-05-13 00:00:00,822744,20
12361-0D030,2022-05-13 00:00:00,NK-CHI,414180,5,NK-TS,2022-02-26 00:00:00,379119,5
12361-0L030,2022-05-13 00:00:00,NK-CHI,290628,40,NK-GPI,2020-05-20 00:00:00,288407,10
12371-0D050,2022-05-13 00:00:00,NK-CHI,532116,1,NK-CHI,2022-05-13 00:00:00,532116,1
12371-0L031,2022-05-13 00:00:00,NK-CHI,341172,8,NK-CHI,2022-05-13 00:00:00,341172,8
12371-0L180,2022-05-13 00:00:00,NK-CHI,431028,1,NK-CHI,2022-05-13 00:00:00,431028,1
13506-0D030,2022-05-13 00:00:00,NK-CHI,603720,2,NK-CHI,2022-05-13 00:00:00,603720,2
17893-0T080,2022-05-13 00:00:00,NK-CHI,600912,1,NK-CHI,2022-05-13 00:00:00,600912,1
27060-0C021,2022-05-13 00:00:00,NK-CHI,5157594,5,NK-CHI,2022-05-13 00:00:00,5157594,5
27060-0L022,2022-05-13 00:00:00,NK-CHI,5398380,1,NK-CHI,2022-05-13 00:00:00,5398380,1
28100-0C031,2022-05-13 00:00:00,NK-CHI,3060018,1,NK-CHI,2022-05-13 00:00:00,3060018,1
33820-0D630,2022-05-13 00:00:00,NK-CHI,1053000,1,NK-CHI,2022-05-13 00:00:00,1053000,1
37230-09010,2022-05-13 00:00:00,NK-CHI,965250,3,NK-CHI,2022-05-13 00:00:00,965250,3
42423-0K020,2022-05-13 00:00:00,NK-CHI,170586,1,NK-CHI,2022-05-13 00:00:00,170586,1
43330-09681,2022-05-13 00:00:00,NK-CHI,592488,10,NK-CHI,2022-05-13 00:00:00,592488,10
44320-06070,2022-05-13 00:00:00,NK-CHI,3208140,1,NK-CHI,2022-05-13 00:00:00,3208140,1
45046-09800,2022-05-13 00:00:00,NK-CHI,307476,2,NK-CHI,2022-05-13 00:00:00,307476,2
45503-0B020,2022-05-13 00:00:00,NK-CHI,759564,2,NK-CHI,2022-05-13 00:00:00,759564,2
45503-0K130,2022-05-13 00:00:00,NK-CHI,1025622,4,NK-CHI,2022-05-13 00:00:00,1025622,4
48068-02260,2022-05-13 00:00:00,NK-CHI,661284,15,NK-GPI,2020-05-20 00:00:00,626734,2
48068-09081,2022-05-13 00:00:00,NK-CHI,2141802,10,NK-GPI,2020-05-20 00:00:00,2032724,2
48068-0K010,2022-05-13 00:00:00,NK-CHI,2207088,2,NK-CHI,2022-05-13 00:00:00,2207088,2
48069-09071,2022-05-13 00:00:00,NK-CHI,2141802,6,NK-GPI,2020-05-20 00:00:00,2032724,2
48069-09261,2022-05-13 00:00:00,NK-CHI,2275884,11,NK-CHI,2022-05-13 00:00:00,2275884,11
48069-0K010,2022-05-13 00:00:00,NK-CHI,2207088,4,NK-CHI,2022-05-13 00:00:00,2207088,4
48069-0K090,2022-05-13 00:00:00,NK-CHI,1914354,3,NK-CHI,2022-05-13 00:00:00,1914354,3
48510-8Z211,2022-05-13 00:00:00,NK-CHI,1199016,8,NK-CHI,2021-07-09 00:00:00,1,1
48520-8Z076,2022-05-13 00:00:00,NK-CHI,1206738,2,NK-CHI,2022-05-13 00:00:00,1206738,2
48530-09B70,2022-05-13 00:00:00,NK-CHI,611442,25,NK-CHI,2022-05-13 00:00:00,611442,25
48531-09490,2022-05-13 00:00:00,NK-CHI,546156,10,NK-CHI,2022-05-13 00:00:00,546156,10
48540-09380,2022-05-13 00:00:00,NK-CHI,1464372,20,NK-CHI,2022-05-13 00:00:00,1464372,20
87107-02290,2022-05-13 00:00:00,NK-CHI,546858,1,NK-CHI,2022-05-13 00:00:00,546858,1
89542-0K020,2022-05-13 00:00:00,NK-CHI,1820988,1,NK-CHI,2022-05-13 00:00:00,1820988,1
90311-38086,2022-05-13 00:00:00,NK-CHI,109512,7,NK-CHI,2022-05-13 00:00:00,109512,7
90311-48031,2022-05-13 00:00:00,NK-CHI,106704,1,NK-CHI,2022-05-13 00:00:00,106704,1
90366-T0010,2022-05-13 00:00:00,NK-CHI,310284,4,NK-GPI,2020-05-20 00:00:00,307818,5
90366-T0062,2022-05-13 00:00:00,NK-CHI,496314,1,NK-CHI,2022-05-13 00:00:00,496314,1
90366-T0065,2022-05-13 00:00:00,NK-CHI,669006,1,NK-CHI,2022-05-13 00:00:00,669006,1
D2441XP,2022-05-13 00:00:00,NK-CHI,58968,104,NK-CHI,2022-05-13 00:00:00,58968,104
T1024L,2022-05-13 00:00:00,NK-CHI,195156,10,NK-CHI,2022-05-13 00:00:00,195156,10
T1411E,2022-05-13 00:00:00,NK-CHI,54756,102,NK-CHI,2022-05-13 00:00:00,54756,102
T14SV41E,2022-05-13 00:00:00,NK-CHI,124956,10,NK-CHI,2022-05-13 00:00:00,124956,10
T18VG0R0,2022-05-13 00:00:00,NK-CHI,77922,30,NK-CHI,2022-05-13 00:00:00,77922,30
T21C04E00,2022-05-13 00:00:00,NK-CHI,11934,40,NK-CHI,2022-05-13 00:00:00,11934,40
T24C02WB,2022-05-13 00:00:00,NK-CHI,94068,12,NK-CHI,2022-05-13 00:00:00,94068,12
T25C04S,2022-05-13 00:00:00,NK-CHI,54756,8,NK-CHI,2022-05-13 00:00:00,54756,8
T25C05E0,2022-05-13 00:00:00,NK-CHI,70200,8,NK-CHI,2022-05-13 00:00:00,70200,8
T25VG041,2022-05-13 00:00:00,NK-CHI,70200,10,NK-CHI,2022-05-13 00:00:00,70200,10
T25VG043,2022-05-13 00:00:00,NK-CHI,132678,20,NK-CHI,2022-05-13 00:00:00,132678,20
T25VG044,2022-05-13 00:00:00,NK-CHI,132678,32,NK-CHI,2022-05-13 00:00:00,132678,32
T25YA91E,2022-05-13 00:00:00,NK-CHI,155844,4,NK-CHI,2022-05-13 00:00:00,155844,4
T3047X2,2022-05-13 00:00:00,NK-CHI,144612,20,NK-CHI,2022-05-13 00:00:00,144612,20
DDS-016,2022-06-03 00:00:00,NK-IDAS,110560,400,NK-IDAS,2021-04-07 00:00:00,96664,300
DDS-018,2022-06-03 00:00:00,NK-IDAS,115459,400,NK-IDAS,2021-04-07 00:00:00,101751,300
DDS-026,2022-06-03 00:00:00,NK-IDAS,172838,400,NK-IDAS,2021-04-07 00:00:00,151702,300
JK272000-6910,2022-06-03 00:00:00,NK-IDAS,119890,2000,NK-IDAS,2022-06-03 00:00:00,119890,2000
JK272000-6930,2022-06-03 00:00:00,NK-IDAS,142516,3550,NK-IDAS,2022-04-05 00:00:00,140713,1450
04111-30579,2022-06-13 00:00:00,NK-LED,2032131,20,NK-TS,2022-02-26 00:00:00,1788714,2
13506-75050,2022-06-13 00:00:00,NK-LED,1092212,40,NK-LED,2022-06-13 00:00:00,1092212,40
48010-50213,2022-06-13 00:00:00,NK-LED,10887047,3,NK-LED,2022-06-13 00:00:00,10887047,3
48020-50213,2022-06-13 00:00:00,NK-LED,10887047,3,NK-LED,2022-06-13 00:00:00,10887047,3
90919-02255,2022-06-13 00:00:00,NK-LED,1007413,30,NK-LED,2022-06-13 00:00:00,1007413,30
90919-02256,2022-06-13 00:00:00,NK-LED,1007413,30,NK-TS,2021-12-18 00:00:00,933453,40
90919-02258,2022-06-21 00:00:00,NK-LED,1009407,1,NK-LED,2022-06-13 00:00:00,1009407,10
90919-02258,2022-06-21 00:00:00,NK-LED,1009407,1,NK-LED,2022-06-21 00:00:00,1009407,1
04111-36047,2022-07-01 00:00:00,NK-CHI,2876400,1,NK-CHI,2022-07-01 00:00:00,2876400,1
12306-0C012,2022-07-01 00:00:00,NK-CHI,377880,25,NK-GPI,2020-05-20 00:00:00,374380,5
16100-09181,2022-07-01 00:00:00,NK-CHI,893235,20,NK-CHI,2022-05-13 00:00:00,889434,20
16620-0C031,2022-07-01 00:00:00,NK-CHI,628155,80,NK-GPI,2020-05-20 00:00:00,593454,100
16620-0L020,2022-07-01 00:00:00,NK-CHI,1165365,30,NK-CHI,2022-05-13 00:00:00,1160406,30
43330-09510,2022-07-01 00:00:00,NK-CHI,655650,35,NK-CHI,2022-05-13 00:00:00,652860,35
45046-09780,2022-07-01 00:00:00,NK-CHI,308790,24,NK-CHI,2022-05-13 00:00:00,307476,5
45503-0K110,2022-07-01 00:00:00,NK-CHI,881250,15,NK-CHI,2022-05-13 00:00:00,877500,15
48510-09630,2022-07-01 00:00:00,NK-CHI,1429035,40,NK-CHI,2022-05-13 00:00:00,1422954,40
48510-09A00,2022-07-01 00:00:00,NK-CHI,925665,5,NK-CHI,2022-05-13 00:00:00,921726,35
48510-09N91,2022-07-01 00:00:00,NK-CHI,1591890,50,NK-CHI,2022-05-13 00:00:00,1539937,50
48510-09X40,2022-07-01 00:00:00,NK-CHI,1156905,53,NK-GPI,2020-05-20 00:00:00,1148085,50
48510-80013,2022-07-01 00:00:00,NK-CHI,1063140,6,NK-CHI,2022-05-13 00:00:00,1058616,6
48510-8Z091,2022-07-01 00:00:00,NK-CHI,1184400,15,NK-CHI,2022-05-13 00:00:00,1179360,15
48520-09530,2022-07-01 00:00:00,NK-CHI,1429035,50,NK-CHI,2022-05-13 00:00:00,1422954,50
48520-09A30,2022-07-01 00:00:00,NK-CHI,848115,25,NK-CHI,2022-05-13 00:00:00,844506,25
48520-09G41,2022-07-01 00:00:00,NK-CHI,1591890,35,NK-CHI,2022-05-13 00:00:00,1585116,35
48520-09Q40,2022-07-01 00:00:00,NK-CHI,1156905,24,NK-GPI,2020-05-20 00:00:00,1148085,50
48520-09R70,2022-07-01 00:00:00,NK-CHI,650010,2,NK-CHI,2022-07-01 00:00:00,650010,2
48520-39405,2022-07-01 00:00:00,NK-CHI,1063140,3,NK-CHI,2022-05-13 00:00:00,1058616,6
48520-8Z002,2022-07-01 00:00:00,NK-CHI,1184400,45,NK-CHI,2022-05-13 00:00:00,1179360,5
48530-02820,2022-07-01 00:00:00,NK-CHI,843180,170,NK-CHI,2022-05-13 00:00:00,839592,10
48530-09520,2022-07-01 00:00:00,NK-CHI,1470630,35,NK-CHI,2022-05-13 00:00:00,1464372,8
48530-09L31,2022-07-01 00:00:00,NK-CHI,1743465,22,NK-CHI,2022-05-13 00:00:00,1736046,30
48530-0D251,2022-07-01 00:00:00,NK-CHI,520995,35,NK-CHI,2022-05-13 00:00:00,518778,35
48530-0DC50,2022-07-01 00:00:00,NK-CHI,487860,50,NK-CHI,2022-05-13 00:00:00,485784,50
48530-39675,2022-07-01 00:00:00,NK-CHI,1115310,5,NK-CHI,2022-05-13 00:00:00,1110564,5
48530-8Z007,2022-07-01 00:00:00,NK-CHI,1101915,60,NK-FPI,2020-04-17 00:00:00,1023431,7
48531-09800,2022-07-01 00:00:00,NK-CHI,498435,150,NK-CHI,2022-05-13 00:00:00,496314,50
48540-09691,2022-07-01 00:00:00,NK-CHI,1743465,30,NK-CHI,2022-05-13 00:00:00,1736046,26
48540-09C60,2022-07-01 00:00:00,NK-CHI,1101915,59,NK-FPI,2020-04-17 00:00:00,1023430,10
48540-39375,2022-07-01 00:00:00,NK-CHI,1115310,7,NK-CHI,2022-05-13 00:00:00,1110564,3
77024-06070,2022-07-01 00:00:00,NK-CHI,900990,50,NK-CHI,2022-05-13 00:00:00,897156,50
77024-06190,2022-07-01 00:00:00,NK-CHI,315135,20,NK-CHI,2022-05-13 00:00:00,313330,20
77024-0D062,2022-07-01 00:00:00,NK-CHI,817800,27,NK-CHI,2022-05-13 00:00:00,814320,35
88440-0K010,2022-07-01 00:00:00,NK-CHI,447675,15,NK-CHI,2022-05-13 00:00:00,445770,13
90311-43010,2022-07-01 00:00:00,NK-CHI,107160,4,NK-CHI,2022-05-13 00:00:00,106704,4
90366-T0007,2022-07-01 00:00:00,NK-CHI,424410,100,NK-CHI,2022-05-13 00:00:00,422604,100
23681-30010,2022-07-14 00:00:00,NK-LED,19650,50,NK-TS,2021-12-18 00:00:00,17852,120
23682-30020,2022-07-14 00:00:00,NK-LED,48470,50,NK-TS,2021-12-18 00:00:00,43455,100
SB-1392,2022-07-16 00:00:00,NK-TS,123535,400,NK-TS,2022-07-16 00:00:00,123535,400
SB-1521,2022-07-16 00:00:00,NK-TS,134964,800,NK-TS,2022-07-16 00:00:00,134964,800
SB-1542,2022-07-16 00:00:00,NK-TS,200269,210,NK-TS,2022-07-16 00:00:00,200269,210
SB-1652,2022-07-16 00:00:00,NK-TS,123535,70,NK-TS,2022-07-16 00:00:00,123535,70
SB-3602,2022-07-16 00:00:00,NK-TS,100679,400,NK-TS,2022-07-16 00:00:00,100679,400
SB-3841,2022-07-16 00:00:00,NK-TS,167072,100,NK-TS,2022-07-16 00:00:00,167072,100
SB-3881,2022-07-16 00:00:00,NK-TS,165984,1000,NK-TS,2022-07-16 00:00:00,165984,1000
SB-3972,2022-07-16 00:00:00,NK-TS,228749,40,NK-TS,2022-07-16 00:00:00,228749,40
SB-5302,2022-07-16 00:00:00,NK-TS,228749,40,NK-TS,2022-07-16 00:00:00,228749,40
SB-5311,2022-07-16 00:00:00,NK-TS,176142,40,NK-TS,2022-07-16 00:00:00,176142,40
SB-6382L,2022-07-16 00:00:00,NK-TS,194464,30,NK-TS,2022-07-16 00:00:00,194464,30
SB-6382R,2022-07-16 00:00:00,NK-TS,194464,30,NK-TS,2022-07-16 00:00:00,194464,30
SB-7153,2022-07-16 00:00:00,NK-TS,129340,180,NK-TS,2022-07-16 00:00:00,129340,180
SB-7721,2022-07-16 00:00:00,NK-TS,162537,50,NK-TS,2022-07-16 00:00:00,162537,50
SB-7782,2022-07-16 00:00:00,NK-TS,177412,240,NK-TS,2022-07-16 00:00:00,177412,240
SB-7841,2022-07-16 00:00:00,NK-TS,160179,50,NK-TS,2022-07-16 00:00:00,160179,50
SB-H022,2022-07-16 00:00:00,NK-TS,201357,30,NK-TS,2022-07-16 00:00:00,201357,30
SE-1522,2022-07-16 00:00:00,NK-TS,143127,100,NK-TS,2022-07-16 00:00:00,143127,100
SE-1721,2022-07-16 00:00:00,NK-TS,115735,360,NK-TS,2022-07-16 00:00:00,115735,360
SE-1722,2022-07-16 00:00:00,NK-TS,143127,320,NK-TS,2022-07-16 00:00:00,143127,320
SE-2931,2022-07-16 00:00:00,NK-TS,95055,80,NK-TS,2022-07-16 00:00:00,95055,80
SE-3881,2022-07-16 00:00:00,NK-TS,134057,720,NK-TS,2022-07-16 00:00:00,134057,720
SE-6381L,2022-07-16 00:00:00,NK-TS,141857,120,NK-TS,2022-07-16 00:00:00,141857,120
SE-6381R,2022-07-16 00:00:00,NK-TS,141857,120,NK-TS,2022-07-16 00:00:00,141857,120
SE-7941,2022-07-16 00:00:00,NK-TS,141858,40,NK-TS,2022-07-16 00:00:00,141858,40
SE-T361,2022-07-16 00:00:00,NK-TS,127163,270,NK-TS,2022-07-16 00:00:00,127163,270
SE-T421L,2022-07-16 00:00:00,NK-TS,145485,250,NK-TS,2022-07-16 00:00:00,145485,250
SE-T421R,2022-07-16 00:00:00,NK-TS,145485,250,NK-TS,2022-07-16 00:00:00,145485,250
SL-1705,2022-07-16 00:00:00,NK-TS,129340,80,NK-TS,2022-07-16 00:00:00,129340,80
SL-3750,2022-07-16 00:00:00,NK-TS,159090,200,NK-TS,2022-07-16 00:00:00,159090,200
SL-3845,2022-07-16 00:00:00,NK-TS,132787,50,NK-TS,2022-07-16 00:00:00,132787,50
SL-H020,2022-07-16 00:00:00,NK-TS,144215,80,NK-TS,2022-07-16 00:00:00,144215,80
SL-T455,2022-07-16 00:00:00,NK-TS,109930,400,NK-TS,2022-07-16 00:00:00,109930,400
SR-1840,2022-07-16 00:00:00,NK-TS,134964,30,NK-TS,2022-07-16 00:00:00,134964,30
SR-6380,2022-07-16 00:00:00,NK-TS,160179,40,NK-TS,2022-07-16 00:00:00,160179,40
SR-T020,2022-07-16 00:00:00,NK-TS,147662,400,NK-TS,2022-07-16 00:00:00,147662,400
13011-0L030,2022-07-22 00:00:00,NK-IDAM,1076864,4,NK-IDAM,2021-12-15 00:00:00,984562,4
13011-0Y030,2022-07-22 00:00:00,NK-IDAM,489355,10,NK-IDAM,2022-07-22 00:00:00,489355,10
17801-0L050,2022-07-22 00:00:00,NK-IDAM,380139,1,NK-IDAS,2021-04-07 00:00:00,337860,30
31210-0K320,2022-07-22 00:00:00,NK-IDAM,1109581,50,NK-IDAM,2022-07-22 00:00:00,1109581,50
31250-0D221,2022-07-22 00:00:00,NK-IDAM,928809,500,NK-IDAM,2021-11-02 00:00:00,848835,288
31250-0K080,2022-07-22 00:00:00,NK-IDAM,1047441,300,NK-IDAM,2021-11-02 00:00:00,1017048,200
43310-09017,2022-07-22 00:00:00,NK-IDAM,569620,50,NK-IDAM,2021-11-02 00:00:00,509209,200
45503-0K070,2022-07-22 00:00:00,NK-IDAM,933988,50,NK-IDAM,2021-08-04 00:00:00,842457,100
48510-09Y40,2022-07-22 00:00:00,NK-IDAM,643058,1,NK-IDAM,2022-05-10 00:00:00,630546,7
48520-09R50,2022-07-22 00:00:00,NK-IDAM,643058,2,NK-IDAM,2022-05-10 00:00:00,630546,6
48609-0K020,2022-07-22 00:00:00,NK-IDAM,281514,10,NK-TRISTAN,2022-04-21 00:00:00,275319,10
90916-T2014,2022-07-22 00:00:00,NK-IDAM,241264,100,NK-IDAM,2021-08-04 00:00:00,224763,200
90916-T2039,2022-07-22 00:00:00,NK-IDAM,245031,200,NK-TRISTAN,2022-04-21 00:00:00,215007,97
90919-T2007,2022-07-22 00:00:00,NK-IDAM,415210,100,NK-IDAM,2021-05-24 00:00:00,375424,100
04465-YZZZ1,2022-07-26 00:00:00,NK-IDAS,318126,20,NK-IDAM,2021-05-24 00:00:00,282089,10
04495-BZ111,2022-07-26 00:00:00,NK-IDAS,243300,20,NK-IDAS,2022-07-26 00:00:00,243300,20
04495-YZZZ2,2022-07-26 00:00:00,NK-IDAS,390598,50,NK-IDAM,2021-08-04 00:00:00,345345,187
08886-01805,2022-07-26 00:00:00,NK-IDAS,365421,10,NK-IDAM,2022-07-22 00:00:00,364839,5
11115-06010,2022-07-26 00:00:00,NK-IDAS,229888,20,NK-IDAM,2021-08-04 00:00:00,204204,8
11115-0Y030,2022-07-26 00:00:00,NK-IDAS,237653,10,NK-IDAS,2022-07-26 00:00:00,237653,10
11213-BZ011,2022-07-26 00:00:00,NK-IDAS,104708,4,NK-IDAS,2022-07-26 00:00:00,104708,4
13011-0C010,2022-07-26 00:00:00,NK-IDAS,573897,50,NK-IDAM,2021-05-24 00:00:00,516931,200
13011-0L070,2022-07-26 00:00:00,NK-IDAS,1297209,5,NK-IDAS,2022-07-26 00:00:00,1297209,5
13011-0M020,2022-07-26 00:00:00,NK-IDAS,901434,20,NK-IDAS,2022-04-05 00:00:00,629870,10
16363-0Y050,2022-07-26 00:00:00,NK-IDAS,895552,100,NK-IDAM,2021-11-02 00:00:00,771356,40
16502-0M020,2022-07-26 00:00:00,NK-IDAS,665664,3,NK-IDAS,2022-07-26 00:00:00,665664,3
31210-0A010,2022-07-26 00:00:00,NK-IDAS,665664,113,NK-IDAS,2022-07-26 00:00:00,665664,113
31210-0D180,2022-07-26 00:00:00,NK-IDAS,454364,300,NK-IDAS,2022-07-26 00:00:00,454364,300
31210-0K300,2022-07-26 00:00:00,NK-IDAS,819315,114,NK-IDAS,2022-07-26 00:00:00,819315,114
31250-0K301,2022-07-26 00:00:00,NK-IDAS,1140970,3,NK-IDAS,2022-07-26 00:00:00,1140970,3
43330-09110,2022-07-26 00:00:00,NK-IDAS,295772,4,NK-IDAS,2022-04-05 00:00:00,252639,2
90080-38070,2022-07-26 00:00:00,NK-IDAS,9883,200,NK-IDAM,2021-12-15 00:00:00,9159,300
90080-92023,2022-07-26 00:00:00,NK-IDAS,81414,200,NK-IDAM,2021-08-04 00:00:00,73689,100
90082-93003,2022-07-26 00:00:00,NK-IDAS,31766,100,NK-IDAS,2022-07-26 00:00:00,31766,100
90311-T0074,2022-07-26 00:00:00,NK-IDAS,153651,20,NK-TRISTAN,2022-04-21 00:00:00,132825,10
90363-T0008,2022-07-26 00:00:00,NK-IDAS,295772,14,NK-IDAS,2022-07-26 00:00:00,295772,14
13011-0C030,2022-08-19 00:00:00,NK-IDAS,665285,6,NK-IDAS,2022-08-19 00:00:00,665285,6
13408-0C030,2022-08-19 00:00:00,NK-IDAS,803465,15,NK-IDAS,2022-08-19 00:00:00,803465,15
31210-0D190,2022-08-19 00:00:00,NK-IDAS,416068,20,NK-IDAS,2022-08-19 00:00:00,416068,20
31210-0D240,2022-08-19 00:00:00,NK-IDAS,416890,100,NK-IDAS,2022-08-19 00:00:00,416890,100
31210-0K023,2022-08-19 00:00:00,NK-IDAS,928485,4,NK-IDAS,2022-08-19 00:00:00,928485,4
31210-0K040,2022-08-19 00:00:00,NK-IDAS,1234690,126,NK-IDAS,2022-08-19 00:00:00,1234690,126
31250-0A011,2022-08-19 00:00:00,NK-IDAS,728030,180,NK-IDAS,2022-08-19 00:00:00,728030,180
31250-0B021,2022-08-19 00:00:00,NK-IDAS,764925,20,NK-IDAM,2021-11-02 00:00:00,763357,11
45503-0K040,2022-08-19 00:00:00,NK-IDAS,819915,20,NK-IDAS,2022-08-19 00:00:00,819915,20
48510-8Z265,2022-08-19 00:00:00,NK-IDAS,451200,600,NK-IDAS,2021-11-25 00:00:00,438720,1300
48520-8Z125,2022-08-19 00:00:00,NK-IDAS,451200,600,NK-IDAS,2021-11-25 00:00:00,438720,1308
48530-8Z036,2022-08-19 00:00:00,NK-IDAS,411485,150,NK-TRISTAN,2022-04-21 00:00:00,402390,500
08889-80280,2022-09-12 00:00:00,NK-IDAM,153400,1440,NK-IDAS,2022-04-05 00:00:00,135416,500
1093A183,2022-09-12 00:00:00,NK-IDAM,671892,6,NK-TRISTAN,2021-03-08 00:00:00,667474,3
1340A181,2022-09-12 00:00:00,NK-IDAM,189980,50,NK-IDAM,2021-11-02 00:00:00,151300,30
31210-0K131,2022-09-12 00:00:00,NK-IDAM,1281952,100,NK-TRISTAN,2022-04-21 00:00:00,1123606,5
31210-0K281,2022-09-12 00:00:00,NK-IDAM,1380600,300,NK-IDAM,2021-05-24 00:00:00,1251566,100
31210-0K310,2022-09-12 00:00:00,NK-IDAM,1038400,251,NK-TRISTAN,2021-04-28 00:00:00,961140,400
31210-0K310,2022-09-12 00:00:00,NK-IDAM,1038400,251,NK-IDAM,2021-05-24 00:00:00,961140,200
31250-0K261,2022-09-12 00:00:00,NK-IDAM,1380600,100,NK-IDAM,2021-11-30 00:00:00,1163119,20
31250-0K320,2022-09-12 00:00:00,NK-IDAM,1479248,40,NK-IDAM,2022-04-12 00:00:00,1263900,50
4013A491,2022-09-12 00:00:00,NK-IDAM,1124540,47,NK-IDAM,2021-12-15 00:00:00,1076836,15
4013A492,2022-09-12 00:00:00,NK-IDAM,1124540,55,NK-IDAM,2021-12-15 00:00:00,1076836,15
4410A960,2022-09-12 00:00:00,NK-IDAM,306800,14,NK-TRISTAN,2021-03-08 00:00:00,303797,20
48500-09020,2022-09-12 00:00:00,NK-IDAM,347628,50,NK-IDAM,2021-08-04 00:00:00,310002,100
48510-09N51,2022-09-12 00:00:00,NK-IDAM,922760,260,NK-TRISTAN,2021-04-28 00:00:00,856920,15
48510-09N51,2022-09-12 00:00:00,NK-IDAM,922760,260,NK-TRISTAN,2021-06-01 00:00:00,856920,65
48520-09Q22,2022-09-12 00:00:00,NK-IDAM,922760,240,NK-TRISTAN,2021-04-28 00:00:00,856920,30
48530-09Z90,2022-09-12 00:00:00,NK-IDAM,460200,200,NK-IDAS,2022-07-26 00:00:00,459541,200
5220M482,2022-09-12 00:00:00,NK-IDAM,2146892,4,NK-IDAM,2021-11-02 00:00:00,2051008,2
56210W030P,2022-09-12 00:00:00,NK-IDAM,613364,100,NK-IDAM,2021-11-02 00:00:00,581431,30
6407A185,2022-09-12 00:00:00,NK-IDAM,365092,57,NK-IDAM,2022-04-12 00:00:00,342632,10
6407A187,2022-09-12 00:00:00,NK-IDAM,379724,30,NK-IDAM,2022-04-12 00:00:00,345619,10
81130-0K310,2022-09-12 00:00:00,NK-IDAM,1335052,50,NK-IDAM,2021-11-02 00:00:00,1214515,87
81170-0K340,2022-09-12 00:00:00,NK-IDAM,1955496,10,NK-IDAM,2021-11-30 00:00:00,1887136,125
81551-0K120,2022-09-12 00:00:00,NK-IDAM,739624,9,NK-TRISTAN,2021-04-28 00:00:00,682525,15
81551-0K240,2022-09-12 00:00:00,NK-IDAM,755200,10,NK-IDAM,2021-12-15 00:00:00,686904,12
81561-0K120,2022-09-12 00:00:00,NK-IDAM,739624,5,NK-TRISTAN,2021-06-01 00:00:00,682525,20
81561-0K240,2022-09-12 00:00:00,NK-IDAM,755200,13,NK-IDAM,2021-12-15 00:00:00,686904,20
81581-0K050,2022-09-12 00:00:00,NK-IDAM,666700,11,NK-IDAM,2021-11-30 00:00:00,603538,32
81591-0K050,2022-09-12 00:00:00,NK-IDAM,666700,24,NK-IDAM,2021-11-30 00:00:00,603538,50
8330B360,2022-09-12 00:00:00,NK-IDAM,2176156,19,NK-IDAM,2021-11-02 00:00:00,2079119,20
8330B361,2022-09-12 00:00:00,NK-IDAM,1431340,10,NK-IDAM,2021-11-02 00:00:00,1364901,5
9004A-91068,2022-09-12 00:00:00,NK-IDAM,122720,3000,NK-IDAM,2021-11-30 00:00:00,114103,2500
90080-92014,2022-09-12 00:00:00,NK-IDAM,68440,100,NK-IDAM,2021-08-04 00:00:00,61215,92
90916-T2026,2022-09-12 00:00:00,NK-IDAM,268568,65,NK-IDAM,2021-05-24 00:00:00,242948,100
90919-T1002,2022-09-12 00:00:00,NK-IDAM,19588,9500,NK-IDAM,2021-11-30 00:00:00,18903,7000
04111-0C210,2022-09-13 00:00:00,NK-LED,2269032,17,NK-TS,2022-02-26 00:00:00,1937462,8
48080-35011,2022-09-13 00:00:00,NK-LED,2342105,10,NK-TS,2021-12-18 00:00:00,2019819,10
48090-35011,2022-09-13 00:00:00,NK-LED,2329838,10,NK-TS,2021-12-18 00:00:00,2019819,10
04465-12630,2022-09-16 00:00:00,NK-TS,1149112,3,NK-TS,2022-03-29 00:00:00,869161,10
04465-60350,2022-09-16 00:00:00,NK-TS,1376401,10,NK-TS,2022-09-16 00:00:00,1376401,10
04465-YZZE1,2022-09-16 00:00:00,NK-TS,1031524,6,NK-TS,2022-09-16 00:00:00,1031524,6
04466-12150,2022-09-16 00:00:00,NK-S2-YT,728029,35,NK-S2-YT,2022-09-16 00:00:00,728029,35
04495-52040,2022-09-16 00:00:00,NK-TS,562367,5,NK-TS,2022-09-16 00:00:00,562367,5
11193-70010,2022-09-16 00:00:00,NK-TS,22227,150,NK-TS,2021-12-18 00:00:00,21845,50
11213-0V020,2022-09-16 00:00:00,NK-TS,156784,40,NK-TS,2022-03-29 00:00:00,154017,10
11213-28021,2022-09-16 00:00:00,NK-TS,153677,100,NK-TS,2021-12-18 00:00:00,151034,50
11213-31050,2022-09-16 00:00:00,NK-TS,120934,5,NK-TS,2022-02-26 00:00:00,118343,50
11213-36020,2022-09-16 00:00:00,NK-TS,136708,41,NK-TS,2021-12-18 00:00:00,134357,25
11214-31020,2022-09-16 00:00:00,NK-TS,120934,50,NK-TS,2022-02-26 00:00:00,118343,50
13568-59095,2022-09-16 00:00:00,NK-TS,1009536,2,NK-TS,2022-09-16 00:00:00,1009536,2
16268-75112,2022-09-16 00:00:00,NK-TS,303530,225,NK-TS,2022-03-29 00:00:00,298173,100
16601-0V010,2022-09-16 00:00:00,NK-TS,1341029,1,NK-TS,2022-09-16 00:00:00,2682058,4
16603-31040,2022-09-16 00:00:00,NK-TS,470591,11,NK-TS,2021-12-18 00:00:00,462498,40
16603-75010,2022-09-16 00:00:00,NK-TS,198131,5,NK-TS,2021-12-18 00:00:00,389448,10
16604-31020,2022-09-16 00:00:00,NK-TS,414187,20,NK-TS,2022-02-26 00:00:00,405314,9
42607-33022,2022-09-16 00:00:00,NK-TS,853708,30,NK-TS,2021-12-18 00:00:00,839027,30
45503-39275,2022-09-16 00:00:00,NK-TS,1030329,30,NK-TS,2021-12-18 00:00:00,2025222,20
46540-42010,2022-09-16 00:00:00,NK-TS,179250,6,NK-TS,2022-09-16 00:00:00,179250,6
46550-60060,2022-09-16 00:00:00,NK-TS,288951,1,NK-TS,2022-09-16 00:00:00,288951,1
48341-32054,2022-09-16 00:00:00,NK-TS,83411,10,NK-TS,2021-12-18 00:00:00,81977,100
48609-48040,2022-09-16 00:00:00,NK-TS,587701,18,NK-TS,2022-02-26 00:00:00,575111,30
48820-28050,2022-09-16 00:00:00,NK-TS,513850,2,NK-TS,2021-12-18 00:00:00,505014,30
48820-33040,2022-09-16 00:00:00,NK-TS,509548,50,NK-TS,2021-12-18 00:00:00,1001570,50
90915-YZZD4,2022-09-16 00:00:00,NK-TS,70983,2400,NK-TS,2022-09-16 00:00:00,70983,2400
90915-YZZN2,2022-09-16 00:00:00,NK-TS,70027,1120,NK-TS,2022-09-16 00:00:00,70027,1120
90916-02759,2022-09-16 00:00:00,NK-TS,1218422,5,NK-TS,2022-09-16 00:00:00,1218422,5
90919-01191,2022-09-16 00:00:00,NK-TS,196219,100,NK-TS,2022-02-26 00:00:00,179854,100
90919-02260,2022-09-16 00:00:00,NK-TS,949786,100,NK-TS,2021-12-18 00:00:00,933453,50
GWD-32A,2022-09-16 00:00:00,NK-TS,192395,48,NK-TS,2022-09-16 00:00:00,192395,48
GWIS-25A,2022-09-16 00:00:00,NK-TS,207452,10,NK-TS,2022-09-16 00:00:00,207452,10
GWIS-44A,2022-09-16 00:00:00,NK-TS,356588,20,NK-TS,2022-09-16 00:00:00,356588,20
GWM-52A,2022-09-16 00:00:00,NK-TS,434263,10,NK-TS,2022-09-16 00:00:00,434263,10
GWMZ-39A,2022-09-16 00:00:00,NK-TS,244736,10,NK-TS,2022-09-16 00:00:00,244736,10
GWMZ-41A,2022-09-16 00:00:00,NK-TS,268875,20,NK-TS,2022-09-16 00:00:00,268875,20
GWMZ-49A,2022-09-16 00:00:00,NK-TS,296838,300,NK-TS,2022-09-16 00:00:00,296838,300
GWMZ-57A,2022-09-16 00:00:00,NK-TS,435936,9,NK-TS,2022-09-16 00:00:00,435936,9
GWMZ-58A,2022-09-16 00:00:00,NK-TS,339858,27,NK-TS,2022-09-16 00:00:00,339858,27
GWN-90A,2022-09-16 00:00:00,NK-TS,262661,30,NK-TS,2022-09-16 00:00:00,262661,30
GWS-11A,2022-09-16 00:00:00,NK-TS,153199,200,NK-TS,2022-09-16 00:00:00,153199,200
GWS-16A,2022-09-16 00:00:00,NK-TS,191200,20,NK-TS,2022-09-16 00:00:00,191200,20
GWT-101A,2022-09-16 00:00:00,NK-TS,158457,120,NK-TS,2022-09-16 00:00:00,158457,120
GWT-116AH,2022-09-16 00:00:00,NK-TS,374991,30,NK-TS,2022-09-16 00:00:00,374991,30
GWT-119A,2022-09-16 00:00:00,NK-TS,211276,20,NK-TS,2022-09-16 00:00:00,211276,20
GWT-144A,2022-09-16 00:00:00,NK-TS,339380,10,NK-TS,2022-09-16 00:00:00,339380,10
GWT-145A,2022-09-16 00:00:00,NK-TS,446691,1,NK-TS,2022-09-16 00:00:00,893382,6
GWT-151AM,2022-09-16 00:00:00,NK-TS,583160,20,NK-TS,2022-09-16 00:00:00,583160,20
GWT-157A,2022-09-16 00:00:00,NK-TS,263617,53,NK-TS,2022-09-16 00:00:00,263617,53
GWT-162A,2022-09-16 00:00:00,NK-TS,394828,100,NK-TS,2022-09-16 00:00:00,394828,100
GWT-60A,2022-09-16 00:00:00,NK-TS,204106,60,NK-TS,2022-09-16 00:00:00,204106,60
GWT-77A,2022-09-16 00:00:00,NK-TS,190961,140,NK-TS,2022-09-16 00:00:00,190961,140
GWT-78A,2022-09-16 00:00:00,NK-TS,220119,20,NK-TS,2022-09-16 00:00:00,220119,20
GWT-92A,2022-09-16 00:00:00,NK-TS,266724,20,NK-TS,2022-09-16 00:00:00,266724,20
GWT-98A,2022-09-16 00:00:00,NK-TS,283693,50,NK-TS,2022-09-16 00:00:00,283693,50
GWT-99A,2022-09-16 00:00:00,NK-TS,417055,30,NK-TS,2022-09-16 00:00:00,417055,30
SB-1732,2022-09-16 00:00:00,NK-TS,188810,510,NK-TS,2022-09-16 00:00:00,188810,510
SB-3882,2022-09-16 00:00:00,NK-TS,152960,1920,NK-TS,2022-09-16 00:00:00,152960,1920
SE-2651,2022-09-16 00:00:00,NK-TS,84367,80,NK-TS,2022-09-16 00:00:00,84367,80
SE-3891,2022-09-16 00:00:00,NK-TS,119022,540,NK-TS,2022-09-16 00:00:00,119022,540
SI-1725,2022-09-16 00:00:00,NK-TS,365670,160,NK-TS,2022-09-16 00:00:00,365670,160
SL-1650,2022-09-16 00:00:00,NK-TS,130733,80,NK-TS,2022-09-16 00:00:00,130733,80
SL-3640,2022-09-16 00:00:00,NK-TS,149614,440,NK-TS,2022-09-16 00:00:00,149614,440
SL-3755,2022-09-16 00:00:00,NK-TS,125475,200,NK-TS,2022-09-16 00:00:00,125475,200
SL-3880,2022-09-16 00:00:00,NK-TS,122368,100,NK-TS,2022-09-16 00:00:00,122368,100
SL-3970,2022-09-16 00:00:00,NK-TS,140293,80,NK-TS,2022-09-16 00:00:00,140293,80
SR-3711,2022-09-16 00:00:00,NK-TS,161325,30,NK-TS,2022-09-16 00:00:00,161325,30
SR-3750,2022-09-16 00:00:00,NK-TS,113047,60,NK-TS,2022-09-16 00:00:00,113047,60
SR-3880,2022-09-16 00:00:00,NK-TS,130733,2670,NK-TS,2022-09-16 00:00:00,130733,2670
SR-T420,2022-09-16 00:00:00,NK-TS,92732,280,NK-TS,2022-09-16 00:00:00,92732,280
